;Ragione socialeCaratteri latini;Codice ISO paese;Ultimo anno disp.;"Totale valore della produzione
migl USD"
1.;DOW INC.;US;2023;44.622.000
2.;LINDE PUBLIC LIMITED COMPANY;IE;2023;32.866.000
3.;LINDE INC.;US;2023;32.854.000
4.;PTT GLOBAL CHEMICAL PCL;TH;2023;18.331.378
5.;SYNGENTA GROUP CO., LTD.;CN;2023;16.804.273
6.;COVESTRO AG;DE;2023;16.126.377
7.;KENVUE INC;US;2023;15.444.000
8.;ZHONGKE (GUANGDONG) REFINERY AND PETROCHEMICAL CO., LTD.;CN;2022;14.214.314
9.;SHENZHEN SHENGFENGWANG TECHNOLOGY CO., LTD.;CN;2019;12.654.122
10.;SASOL FINANCING INTERNATIONAL LTD;ZA;2016;12.637.848
11.;SHENZHEN HENGFENG HIGH-TECH MATERIALS CO., LTD.;CN;2019;12.408.524
12.;ZHUNGEER BANNER KANGJIAN BIOLOGICAL TECHNOLOGY CO., LTD.;CN;2017;11.817.727
13.;TAICANG JIN YAO CHEMICAL FIBER CO., LTD.;CN;2022;11.811.905
14.;SHENZHEN YISHENGXIN TECHNOLOGY CO., LTD.;CN;2019;11.729.883
15.;SHENZHEN DIDA NANO MATERIAL TECHNOLOGY CO., LTD.;CN;2019;10.369.097
16.;SHENZHEN TIANZHENGLONG TECHNOLOGY CO., LTD.;CN;2019;9.745.404
17.;SHENZHEN DIER TECHNOLOGY NEW MATERIAL CO., LTD.;CN;2018;9.618.624
18.;ALPEK S.A.B. DE C.V.;MX;2023;8.175.984
19.;SHENZHEN HAOTEMEI PLASTIC PRODUCTS CO., LTD.;CN;2019;8.117.255
20.;YUANPING BRANCH OF SHANXI TONGMEI POWER ENVIRONMENTAL PROTECTION TECHNOLOGY CO., LTD.;CN;2017;7.626.652
21.;SHENZHEN CHUANGDA CANVAS PRODUCTS CO., LTD.;CN;2019;7.589.787
22.;GUANGDONG DUO CHUANGXIN MATERIAL TECHNOLOGY CO., LTD.;CN;2018;7.569.291
23.;WANHUA CHEMICAL (YANTAI) PETROCHEMICAL CO., LTD.;CN;2021;6.644.369
24.;GANFENG LITHIUM GROUP CO., LTD.;CN;2022;6.056.953
25.;GUANGZHOU BINRI LUBRICANT CO., LTD.;CN;2017;6.051.432
26.;CHEMOURS COMPANY (THE);US;2023;6.027.000
27.;SHENZHEN ZHONGKELIER TECHNOLOGY CO., LTD.;CN;2019;6.010.434
28.;BOROUGE PLC;AE;2023;5.791.345
29.;NATURA & CO HOLDING S.A.;BR;2023;5.572.221
30.;XIANYANG JIEHAO NEW MATERIAL TECHNOLOGY CO., LTD.;CN;2021;5.372.364
31.;NOURYON HOLDING B.V.;NL;2023;5.227.000
32.;AXALTA COATING SYSTEMS LTD;BM;2023;5.184.100
33.;OCI N.V.;NL;2023;5.040.000
34.;INOVYN EUROPE LIMITED;GB;2022;5.039.748
35.;INOVYN EUROPE LIMITED;GB;2022;5.030.190
36.;SHENZHEN TONGJINGHAO PHOTOELECTRIC CO., LTD.;CN;2019;4.897.071
37.;DONGGUAN XIANGYI SURFACE TREATMENT TECHNOLOGY CO., LTD.;CN;2018;4.891.997
38.;QPLAS (PTY) LTD;ZA;2017;4.864.208
39.;SADARA CHEMICAL COMPANY;SA;2023;4.697.974
40.;SHENZHEN YITIANSHENG TECHNOLOGY CO., LTD.;CN;2019;4.691.168
41.;GANSU SILK ROAD SHENGFENG BIOTECHNOLOGY GROUP CO., LTD.;CN;2020;4.623.466
42.;SHENZHEN HANMAI ENVIRONMENTAL PROTECTION TECHNOLOGY CO., LTD.;CN;2018;4.482.924
43.;HENAN SHENGSHIFENG AGRICULTURAL TECHNOLOGY CO., LTD.;CN;2020;3.926.555
44.;SHENZHEN YUNJI ELECTRONIC TECHNOLOGY CO., LTD.;CN;2019;3.461.936
45.;THAI POLYETHYLENE CO LTD;TH;2022;3.418.685
46.;DL CHEMICAL CO., LTD;KR;2023;3.368.800
47.;AXIALL CORPORATION;US;2015;3.361.100
48.;HENGLI PETROCHEMICAL (HAINAN) CO., LTD.;CN;2022;3.324.494
49.;LANHAI (FUJIAN) BIOLOGICAL TECHNOLOGY CO., LTD.;CN;2021;3.153.971
50.;SHANTOU MEISHI TU INK CO., LTD.;CN;2020;3.147.710
51.;QUZHOU HUAYOU COBALT NEW MATERIAL CO., LTD.;CN;2022;3.032.378
52.;ARLANXEO HOLDING B.V.;NL;2023;3.021.000
53.;PETROQUIMICA MEXICANA DE VINILO;MX;2015;2.961.469
54.;SHENZHEN JUNHAO ELECTRONICS CO., LTD.;CN;2019;2.944.333
55.;SHENZHEN KUNYUXIANG TECHNOLOGY CO., LTD.;CN;2019;2.807.758
56.;SINOFERT HOLDINGS LIMITED;CN;2017;2.746.532
57.;SHENZHEN PLASTIC ZHIBAO NEW MATERIAL CO., LTD.;CN;2019;2.728.474
58.;SINOPEC YIZHENG CHEMICAL FIBRE LIMITED LIABILITY COMPANY;CN;2022;2.723.484
59.;SHENZHEN DEEP BLUE UNDERSEA INTELLIGENT TECHNOLOGY CO., LTD.;CN;2019;2.710.307
60.;GUANGZHOU COMBAT ENVIRONMENTAL PROTECTION TECHNOLOGY CO., LTD.;CN;2018;2.688.793
61.;VERMILION ENERGY TRUST;CA;2022;2.672.000
62.;ORANO CHIMIE-ENRICHISSEMENT;FR;2023;2.614.430
63.;INEOS STYROLUTION EUROPE GMBH;DE;2022;2.562.713
64.;FERTIGLOBE PLC;AE;2023;2.419.500
65.;JIANGXI JINHUI LITHIUM INDUSTRY CO., LTD.;CN;2022;2.382.488
66.;CHANGZHOU XINRI CHEMICAL CO.,LTD;CN;2014;2.373.626
67.;ELEMENT SOLUTIONS INC.;US;2023;2.333.200
68.;VENATOR MATERIALS PLC;GB;2022;2.319.000
69.;TIANDA COPPER (TIANCHANG) CO., LTD.;CN;2022;2.276.024
70.;SHIYAN FENGYI ENGINEERING PLASTIC CO., LTD.;CN;2021;2.231.709
71.;LIANYUNGANG PETROCHEMICAL CO., LTD.;CN;2022;2.230.273
72.;VIBRANTZ TECHNOLOGIES INC;US;2022;2.200.000
73.;ASHLAND INC;US;2023;2.191.000
74.;HYOSUNG CHEMICAL CORPORATION;KR;2023;2.165.061
75.;NANTONG QUN LAI TEXTILE CO., LTD.;CN;2017;2.134.715
76.;LUOYANG HONGXING NEW ENERGY CHEMICAL CO., LTD.;CN;2022;2.123.940
77.;JIANGXIAN WENZHENG STONE MATERIAL FACTORY;CN;2018;2.076.930
78.;ORANO RECYCLAGE;FR;2023;2.073.964
79.;XILIN GOL LEAGUE TIANRUNTONG BUILDING MATERIAL CO., LTD.;CN;2021;2.061.775
80.;SHENZHEN SAICHI NANO TECHNOLOGY MATERIAL CO., LTD.;CN;2019;1.996.791
81.;ZHEJIANG RONGTONG CHEMICAL FIBER NEW MATERIALS CO., LTD.;CN;2022;1.993.776
82.;FUJIAN SHENYUAN NEW MATERIALS CO., LTD.;CN;2022;1.986.049
83.;LIAONING HAIDE NEW CHEMICAL GROUP CO., LTD.;CN;2019;1.985.406
84.;ASAHI KASEI MITSUBISHI CHEMICAL ETHYLENE CORPORATION;JP;2022;1.950.974
85.;YINGCHENG JIANGNONG MATRIX TECHNOLOGY CO., LTD.;CN;2021;1.922.256
86.;ORION SA;US;2022;1.894.000
87.;TAIYONISSAN KK;JP;2022;1.840.306
88.;MOSAIC FERTILIZANTES P&K LTDA.;BR;2016;1.756.633
89.;SHENZHEN XUXI ENVIRONMENTAL PROTECTION TECHNOLOGY CO., LTD.;CN;2019;1.745.823
90.;SHILOU ZHAO JIANJUN BUILDING MATERIAL CO., LTD.;CN;2021;1.702.114
91.;HENAN JINMA ENERGY COMPANY LIMITED;CN;2023;1.697.648
92.;INGEVITY CORPORATION;US;2023;1.692.100
93.;HUNAN CNGR NEW ENERGY SCIENCE & TECHNOLOGY CO., LTD.;CN;2021;1.683.530
94.;HONGYUAN NEW MATERIAL (BAOTOU) CO., LTD.;CN;2021;1.675.321
95.;KOLMAR KOREA CO.,LTD.;KR;2023;1.671.844
96.;EUROCHEM - USOLSKY POTASH COMPLEX, LIMITED LIABILITY COMPANY;RU;2022;1.653.668
97.;RAYONIER ADVANCED MATERIALS INC.;US;2023;1.643.330
98.;JIANGSU HONGGANG PETROCHEMICAL CO., LTD.;CN;2021;1.628.014
99.;NINGBO HUATAI WEALTHY POLYMER MATERIAL LIMITED;CN;2022;1.608.332
100.;SHENZHEN YINGCHEN TECHNOLOGY CO., LTD.;CN;2019;1.542.061
101.;ADVANSIX INC.;US;2023;1.533.599
102.;FMC AGRO SINGAPORE PTE. LTD.;SG;2022;1.532.932
103.;SHENZHEN YIPIN YOUGAO PRECISION ELECTRONICS CO., LTD.;CN;2019;1.527.434
104.;XTC NEW ENERGY MATERIALS (SANMING) CO., LTD.;CN;2022;1.496.748
105.;CHINA ENERGY GROUP NINGXIA COAL INDUSTRY CO., LTD. OLEFIN SECOND BRANCH;CN;2022;1.484.856
106.;ZHUHAI JUNYI FINE CHEMICAL CO., LTD.;CN;2019;1.481.741
107.;REHAU INDUSTRIES SE & CO. KG;DE;2022;1.475.980
108.;XINFENGMING GROUP HUZHOU ZHONGSHI TECHNOLOGY CO., LTD.;CN;2021;1.459.553
109.;HUAFENG CHONGQING SPANDEX CO., LTD.;CN;2021;1.453.174
110.;CELANESE PRODUCTION GERMANY GMBH & CO. KG;DE;2021;1.449.217
111.;ORIENTAL ENERGY (NINGBO) NEW MATERIAL CO., LTD.;CN;2022;1.420.308
112.;SHANDONG HENGWEI CHEMICAL TECHNOLOGY CO., LTD.;CN;2016;1.406.051
113.;COVESTRO;BE;2023;1.400.937
114.;AEKYUNG CHEMICAL CO., LTD.;KR;2023;1.391.140
115.;COSMAX INC.;KR;2023;1.378.544
116.;VERSUM MATERIALS, INC.;US;2018;1.372.300
117.;SK CHEMCALS CO.,LTD.;KR;2023;1.356.272
118.;KEM ONE;FR;2023;1.342.031
119.;WENAN TIAN LAN NEW ENERGY CO., LTD.;CN;2014;1.331.203
120.;LIAOCHENG LUXI POLYOL NEW MATERIAL TECHNOLOGY CO., LTD.;CN;2022;1.324.984
121.;JIANGSU HENGKE ADVANCED MATERIALS CO., LTD.;CN;2022;1.307.709
122.;BAODE COUNTY SHENGHONGXIANG CHEMICAL CO., LTD.;CN;2020;1.305.696
123.;TANK HOLDING CORP.;US;2022;1.286.000
124.;PINGHU PETRO CHEMICAL CO., LTD.;CN;2022;1.274.379
125.;SHENZHEN FUYUAN PLASTIC PIGMENT CO., LTD.;CN;2019;1.258.194
126.;FUJIAN BILLION PETROCHEMICALS CO., LTD.;CN;2021;1.249.774
127.;HEZE YUHUANG CHEMICAL CO., LTD.;CN;2014;1.212.000
128.;WESTLAKE CHEMICAL PARTNERS LP;US;2023;1.190.791
129.;CHINA PINGMEI SHENMA GROUP NYLON TECHNOLOGY CO., LTD.;CN;2022;1.176.099
130.;POLYTECHNYL;FR;2022;1.164.823
131.;BTR (JIANGSU) NEW MATERIAL TECHNOLOGY CO., LTD.;CN;2022;1.125.921
132.;BEWI ASA;NO;2022;1.120.356
133.;STM CO.,LTD;KR;2023;1.111.444
134.;NANJING JINLING HUNTSMAN NEW MATERIAL CO., LTD.;CN;2022;1.095.288
135.;SATERI (CHINA) FIBRE CO., LTD.;CN;2022;1.094.802
136.;NANJING YANGZI PETROCHEMICAL CO., LTD.;CN;2016;1.090.254
137.;QUJING LONGI SILICON MATERIALS CO., LTD.;CN;2022;1.080.404
138.;JIANGXI BLUESTAR XINGHUO SILICONES CO., LTD.;CN;2022;1.071.394
139.;JINZHOU JIESHIDI TECHNOLOGY CO., LTD.;CN;2020;1.067.582
140.;ENEOS MATERIALS CORPORATION;JP;2022;1.054.772
141.;BLUE CUBE GERMANY ASSETS GMBH & CO.KG;DE;2022;1.051.674
142.;QINGDAO FREE TRADE DEVELOPMENT INVESTMENT MANAGEMENT CO., LTD.;CN;2022;1.051.315
143.;CASTROL GERMANY GMBH;DE;2022;1.037.075
144.;SHANGHAI HUAYI NEW MATERIAL CO., LTD.;CN;2021;1.026.326
145.;E.L.F. BEAUTY, INC.;US;2023;1.023.932
146.;ANHUI YUGUIYUAN TRADING CO., LTD.;CN;2021;1.022.809
147.;NINGBO ZHCC LYONDELLBASELL NEW MATERIAL CO., LTD.;CN;2022;1.021.698
148.;OCI COMPANY LTD.;KR;2023;999.555
149.;HAIWEI PETROCHEMICAL CO.,LTD;CN;2022;997.630
150.;SHANXI XINFA CHEMICAL CO., LTD.;CN;2022;997.157
151.;ENVALIOR DEUTSCHLAND GMBH;DE;2022;994.998
152.;HUZHOU ZHONGYUE CHEMICAL FIBER CO., LTD.;CN;2022;994.027
153.;GUANGZHOU YINGQI PIBIAN OIL CO., LTD.;CN;2019;990.409
154.;HENAN BILLIONS ADVANCED MATERIAL CO., LTD.;CN;2022;986.873
155.;GUONENG YULIN CHEMICAL CO., LTD.;CN;2022;983.933
156.;ELEMENTIA MATERIALES S.A.B. DE C.V.;MX;2021;977.828
157.;SHANDONG JINHONG GROUP;CN;2014;972.345
158.;TIGRIS GOLD REFINERY (FZE);AE;2020;971.986
159.;ZHEJIANG SATELLITE ENERGY CO., LTD.;CN;2022;971.636
160.;GCP APPLIED TECHNOLOGIES INC.;US;2021;970.100
161.;COVESTRO (THAILAND) CO LTD;TH;2022;961.185
162.;IBERIAN LUBE BASE OILS COMPANY SA.;ES;2022;959.124
163.;INVISTA NYLON CHEMICALS (CHINA) CO., LTD.;CN;2022;953.204
164.;GAZPROM PERERABOTKA BLAGOVESHCHENSK;RU;2023;949.533
165.;PROCTER & GAMBLE PHILIPPINES, INC.;PH;2022;946.501
166.;QIQIHAR LONGJIANG FUFENG BIOTECHNOLOGIES CO., LTD.;CN;2022;943.776
167.;IX INFRASTRUCTURE PTY LTD;AU;2023;914.927
168.;GUONENG BAOTOU COAL CHEMICAL CO., LTD.;CN;2022;913.044
169.;HEILONGJIANG HONGZHAN BIOTECHNOLOGY CO., LTD.;CN;2022;902.777
170.;LABIX CO LTD;TH;2022;894.835
171.;BASF POLYURETHANE (CHONGQING) CO., LTD.;CN;2022;891.713
172.;IXOM HOLDCO PTY LTD;AU;2018;885.012
173.;ARCADIUM LITHIUM PLC;GB;2023;882.500
174.;FUJIAN SHENMA NEW MATERIALS CO., LTD.;CN;2022;877.560
175.;UNILAB INC;PH;2022;867.657
176.;ALCO ENERGY ROTTERDAM B.V.;NL;2022;860.824
177.;SUN CHEMICAL COLORS & EFFECTS GMBH;DE;2022;856.660
178.;HANGZHOU JUHESHUN NEW MATERIAL CO.,LTD.;CN;2023;841.988
179.;INDORAMA VENTURES QUIMICA SLU;ES;2022;841.738
180.;BRASKEM EUROPE GMBH;DE;2022;839.513
181.;JIAXING YIPENG CHEMICAL FIBER CO., LTD.;CN;2021;832.158
182.;LIAOCHENG LUXI POLYAMIDE NEW MATERIAL TECHNOLOGY CO., LTD.;CN;2022;824.175
183.;JIANGXI FEIYU NEW ENERGY TECHNOLOGY CO., LTD.;CN;2022;820.626
184.;LIVENT CORPORATION;US;2022;813.200
185.;LIVENT USA CORP.;US;2022;813.000
186.;SHENZHEN PRESHEN TECHNOLOGY CO., LTD.;CN;2019;811.600
187.;SHENZHEN ZHONGYIXIN TECHNOLOGY CO., LTD.;CN;2019;810.277
188.;ITAFOS INC.;US;2022;804.000
189.;FUJIAN TIANCHEN YAOLONG NEW MATERIAL CO., LTD.;CN;2021;799.890
190.;JIANGSU LEASTY CHEMICAL CO., LTD.;CN;2019;798.345
191.;PRIMARY PRODUCTS INGREDIENTS AMERICAS LLC;US;2022;793.000
192.;XINJIANG ZHONGTAI HUAXUE TOCKSON CAN CO., LTD.;CN;2021;790.592
193.;JORF FERTILIZERS COMPANY III;MA;2022;786.940
194.;RANDOX HOLDINGS LIMITED;GB;2022;757.523
195.;PETROLOGISTICS LP;US;2013;757.488
196.;ORIENTAL ENERGY (ZHANGJIAGANG) NEW MATERIAL CO., LTD.;CN;2022;755.223
197.;SYNTHOMER TRADING LIMITED;GB;2022;752.864
198.;DOW SILICONES CORP;US;2017;750.000
199.;SHENZHEN YUANYIYI RUBBER CO., LTD.;CN;2019;749.937
200.;SP OLEFINS (TAIXING) CO., LTD.;CN;2020;749.387
201.;EUROCHEM ANTWERPEN;BE;2023;736.716
202.;LG CHEM (HUIZHOU) PETROCHEMICALS CO., LTD.;CN;2022;730.037
203.;ZHEJIANG XINGXING NEW ENERGY CHEMICAL CO., LTD.;CN;2022;729.789
204.;ORIENTAL ENERGY (ZHANGJIAGANG) NEW MATERIAL CO., LTD.;CN;2019;724.727
205.;TOYO INK CO., LTD.;JP;2022;721.952
206.;PENN WEST ENERGY TRUST;CA;2022;702.000
207.;BORREGAARD ASA;NO;2023;701.278
208.;INDORAMA VENTURES PORTUGAL PTA, UNIPESSOAL, LDA;PT;2022;701.200
209.;SHANDONG DONGYUE CHEMICAL CO., LTD.;CN;2007;696.430
210.;ECOVYST INC.;US;2023;691.118
211.;MIGAO GROUP HOLDINGS LIMITED;KY;2022;688.318
212.;DONGGUAN GRAND RESOURCE SCIENCE & TECHNOLOGY CO., LTD.;CN;2021;687.811
213.;INNER MONGOLIA XINTE SILICON MATERIAL CO., LTD.;CN;2022;687.673
214.;LONGYAN YONGDING JINGLIANG CLEANING PRODUCTS CO., LTD.;CN;2021;684.747
215.;TAIXING YUMENG MATERIAL CO., LTD.;CN;2016;684.154
216.;SHANXI LUAN COKING CO., LTD.;CN;2022;681.404
217.;DOEHLER GMBH;DE;2022;680.244
218.;BIOCON BIOLOGICS LIMITED;IN;2022;679.422
219.;NINGXIA RISHENG HIGH-TECH INDUSTRY CO., LTD.;CN;2022;667.215
220.;SHANDONG LANGHUI PETROCHEMICALS CO., LTD.;CN;2020;663.013
221.;HANGZHOU YIJING CHEMICAL FIBER CO., LTD.;CN;2022;661.249
222.;NS STYRENE MONOMER CO.,LTD;JP;2022;660.934
223.;INEOS SOLVENTS GERMANY GMBH;DE;2022;658.821
224.;YUNNAN PHOSPHATE HAIKOU CO., LTD.;CN;2022;658.433
225.;SHANDONG JUJIU ENERGY TECHNOLOGY CO., LTD.;CN;2021;656.945
226.;TIANJIN BOHAI PETROCHEMICAL CO., LTD.;CN;2021;656.634
227.;TOA PAINT (THAILAND) PCL;TH;2023;654.664
228.;SOULBRAIN CO.,LTD.;KR;2023;654.591
229.;ANGANG CHEMICAL TECHNOLOGY CO., LTD.;CN;2022;653.427
230.;TONGXIANG ZHONGYI CHEMICAL FIBER CO., LTD.;CN;2022;651.961
231.;UMICORE FINLAND OY;FI;2022;644.280
232.;INEOS ACETYLS UK LIMITED;GB;2022;641.949
233.;NANJING CHENGZHI YONGQING ENERGY SCIENCE AND TECHNOLOGY CO., LTD.;CN;2022;641.301
234.;EVONIK SUPERABSORBER GMBH;DE;2022;639.526
235.;BASF SUGIYAMA BATTERY MATERIAL (NINGXIANG) CO., LTD.;CN;2021;637.042
236.;SK PICGLOBAL CO.,LTD;KR;2023;633.598
237.;TONGXIANG ZHONGYING CHEMICAL FIBER CO., LTD.;CN;2022;633.190
238.;YANGQUAN COAL INDUSTRY GROUP TAIYUAN CHEMICAL NEW MATERIAL CO., LTD.;CN;2022;629.362
239.;TERRAFAME OY;FI;2022;629.308
240.;RELIANCE SYNGAS LIMITED;IN;2022;629.155
241.;SYOUNG GROUP CO., LTD.;CN;2023;628.836
242.;ZHANGZHOU QIMEI CHEMICAL CO., LTD.;CN;2022;626.588
243.;NINGXIA BAOLI NEW ENERGY CO., LTD.;CN;2022;625.623
244.;ALZCHEM TROSTBERG GMBH;DE;2022;622.856
245.;GOLMUD ZANGGE LITHIUM INDUSTRY CO., LTD.;CN;2022;620.671
246.;SINOPEC JINLING PETROCHEMICAL CORPORATION;CN;2022;617.090
247.;SHENZHEN JINGWEIMING TECHNOLOGY CO., LTD.;CN;2019;616.347
248.;MAOMING PETROCHEMICAL NANHAI FINE CHEMICAL CO., LTD.;CN;2020;611.101
249.;SATERI (JIUJIANG) FIBER CO., LTD.;CN;2022;606.295
250.;DEEPAK PHENOLICS LIMITED;IN;2022;606.195
251.;SUZHOU GREENLEAF DAILY COMMODITY CO., LTD.;CN;2018;605.743
252.;ENEOS KOREA CORPORATION;KR;2023;603.048
253.;INEOS STYROLUTION MEXICANA SA DE CV;MX;2019;594.693
254.;TONGKUN GROUP ZHEJIANG HENGCHAO CHEMICAL FIBER CO., LTD.;CN;2022;593.330
255.;SUZHOU SHENGHONG FIBER CO., LTD.;CN;2017;590.608
256.;JORF FERTILIZERS COMPANY IV;MA;2021;589.615
257.;SHENZHEN LIANYI SPORTS GOODS CO., LTD.;CN;2019;584.268
258.;ALBEMARLE GERMANY GMBH;DE;2022;569.732
259.;AIR PRODUCTS KOREA INC;KR;2023;568.963
260.;JIANGSU GAOZHAO NEW ENERGY DEVELOPMENT CO., LTD.;CN;2021;567.073
261.;YUNNAN DINGYUN SHENGXIN INDUSTRIAL CO., LTD.;CN;2022;561.205
262.;HEUBACH COLORANTS GERMANY GMBH;DE;2021;560.046
263.;NOBIAN GMBH;DE;2022;558.141
264.;RAMAGUNDAM FERTILIZERS AND CHEMICALS LIMITED;IN;2022;557.835
265.;NEUAG LLC;US;2022;555.000
266.;ASCEND PERFORMANCE MATERIALS EUROPEAN LIMITED;GB;2022;550.572
267.;NINGBO KINGFA ADVANCED MATERIALS CO., LTD.;CN;2022;549.618
268.;SATERI (JIANGSU) FIBRE CO., LTD.;CN;2022;545.670
269.;ANHUI ZHONGPU PETROLEUM ENERGY CO., LTD.;CN;2022;540.066
270.;HINDUSTAN URVARAK & RASAYAN LIMITED;IN;2022;538.447
271.;CEPSA CHEMICAL (SHANGHAI) CO., LTD.;CN;2022;538.375
272.;FUJIAN NONGHONG BIOLOGICAL TECHNOLOGY CO., LTD.;CN;2021;536.092
273.;FUJIAN EVERSUN TECHNOLOGY CO., LTD.;CN;2021;532.940
274.;SK SPECIALTY CO.,LTD;KR;2023;528.731
275.;SHPP B.V.;NL;2022;527.414
276.;CONG TY CO PHAN PHAN BON DAU KHI CA MAU;VN;2023;526.713
277.;RESONAC GRAPHITE GERMANY GMBH;DE;2022;524.046
278.;CARGILL BIOINDUSTRIAL UK LIMITED;GB;2023;520.784
279.;GUJARAT FLUOROCHEMICALS LIMITED;IN;2023;520.589
280.;GLOBAL GREEN CHEMICALS PCL;TH;2023;518.843
281.;HUIZHOU LUYA BIOLOGICAL MATERIAL CO., LTD.;CN;2021;518.073
282.;JIAXING SANJIANG HAOJIA POLYMER MATERIAL TECHNOLOGY CO., LTD.;CN;2020;516.793
283.;SHANDONG NUOER BIOLOGICAL TECHNOLOGY CO., LTD.;CN;2021;512.347
284.;CHONGQING JIANFENG CHEMICAL CO., LTD.;CN;2021;510.481
285.;ODDITY TECH LTD.;IL;2023;508.685
286.;XINJIANG SHENGXIONG CHLOR-ALKALI CO., LTD.;CN;2020;506.948
287.;CANGZHOU RISUN CHEMICALS CO., LTD.;CN;2022;505.450
288.;WUDI DEXIN CHEMICAL CO., LTD.;CN;2021;504.274
289.;XINJIANG TIANLI GAOXIN PETROCHEMICAL CO., LTD.;CN;2022;503.100
290.;GIANT BIOGENE HOLDING CO., LTD;KY;2023;501.094
291.;JUBILANT INGREVIA LIMITED;IN;2023;500.288
292.;FABRICA DE DETERGENTE;AO;2023;500.000
293.;LIAOCHENG LUXI METHYLAMINE CHEMICAL CO., LTD.;CN;2022;498.787
294.;FUJIAN YIJIN CHEMICAL FIBER CO., LTD.;CN;2022;495.372
295.;TECHSTORM ADVANCED MATERIAL CO., LTD.;CN;2022;491.787
296.;CAFFARO SPA;IT;1998;488.702
297.;TAIXING SUNKE CHEMICALS CO., LTD.;CN;2022;488.152
298.;GHW INTERNATIONAL;KY;2022;485.084
299.;SHENZHEN YIFENGYANG ENVIRONMENTAL PROTECTION TECHNOLOGY CO., LTD.;CN;2019;482.682
300.;CNSIG ANHUI HONGSIFANG FERTILIZER CO., LTD.;CN;2021;479.357
301.;ZHEJIANG RUIPIN INDUSTRIAL GROUP CO., LTD.;CN;2017;478.181
302.;MAOMING PETROCHEMICAL BASF CO., LTD.;CN;2021;478.040
303.;YATSEN HOLDING LTD;KY;2023;478.019
304.;HEILONGJIANG HONGZHAN BIOENERGY CO., LTD.;CN;2022;477.316
305.;FUJIAN ZHONGJIN NEW MATERIAL CO., LTD.;CN;2022;476.125
306.;TOA PAINT (THAILAND) PUBLIC COMPANY LIMITED;TH;2019;473.517
307.;JINGDEZHEN KAIMENZI AGRICULTURAL CHEMICAL CO., LTD.;CN;2013;471.458
308.;SK PUCORE CO.,LTD;KR;2023;471.169
309.;LUOHE XING MAO TITANIUM INDUSTRY CO., LTD.;CN;2014;469.335
310.;SHANDONG YOUTAI TECHNOLOGY CO., LTD.;CN;2020;466.838
311.;SK ADVANCED CO.,LTD;KR;2023;464.630
312.;YUANDONGLIAN PETROCHEMICAL (YANGZHOU) CO., LTD.;CN;2021;463.034
313.;GUANGXI HUAYI ENERGY AND CHEMICAL CO., LTD.;CN;2021;461.387
314.;OLAPLEX HOLDINGS, INC.;US;2023;458.300
315.;HERBON POLYSACCHARIDE BIOTECH CO.,LTD;CN;2019;455.967
316.;HYOSUNG VINA CHEMICALS CO., LTD;VN;2022;453.178
317.;GHW INTERNATIONAL;KY;2023;453.091
318.;LINGBAO JINYUAN CHENGUANG COLORED MINING AND METALLURGY CO., LTD.;CN;2013;450.918
319.;WANHUA CHEMICAL (FUJIAN) CO., LTD.;CN;2022;449.474
320.;DONGGUANG CHEMICAL LIMITED;KY;2022;448.802
321.;INNER MONGOLIA DADI YUNTIAN CHEMICAL CO., LTD.;CN;2022;447.992
322.;TAIXING JINYAN CHEMICAL TECHNOLOGY CO., LTD.;CN;2021;446.369
323.;NANYA PLASTICS (NINGBO) CO., LTD.;CN;2022;443.729
324.;AGC VINYTHAI PUBLIC COMPANY LIMITED;TH;2022;440.491
325.;HENAN XINYULONG ENVIRONMENTAL PROTECTION MATERIAL CO., LTD.;CN;2020;438.268
326.;HUAINING JIUTAI ZINC INDUSTRY CO., LTD.;CN;2021;435.791
327.;ALTUGLAS S.R.L.;IT;2022;433.184
328.;HANWHA ADVANCED MATERIALS CO.,LTD;KR;2023;432.945
329.;SHUANGYASHAN HONGZHAN BIOTECHNOLOGY CO., LTD.;CN;2022;430.364
330.;JINNENG CHEMICAL (QINGDAO) CO., LTD.;CN;2021;428.276
331.;SHANDONG SINCIER PETROCHEMICAL CO., LTD.;CN;2020;425.537
332.;EVYAP SABUN MALAYSIA SDN. BHD.;MY;2021;425.080
333.;MITSUBISHI CHEMICAL EUROPE GMBH;DE;2020;422.812
334.;NOEVIR HOLDINGS CO LTD;JP;2023;418.576
335.;BIOCERES CROP SOLUTIONS CORPORATION;KY;2023;416.791
336.;ALSACHIMIE;FR;2021;414.663
337.;GC OXIRANE COMPANY LIMITED;TH;2021;414.644
338.;JIANGXI LEE & MAN CHEMICAL LIMITED;CN;2022;411.778
339.;SHANXI ANLUN CHEMICAL CO., LTD.;CN;2021;411.417
340.;DONGGUANG CHEMICAL LIMITED;KY;2023;410.052
341.;SHANDONG SHENGRONG CHEMICAL CO., LTD.;CN;2022;409.077
342.;BILLION INDUSTRIAL (VIET NAM) CO.,LTD;VN;2022;408.502
343.;ZHANGJIAGANG HUACHANG NEW MATERIAL TECHNOLOGY CO., LTD.;CN;2022;408.194
344.;GROUPE ROCHER OPERATIONS;FR;2022;408.098
345.;FUJIAN JINGFENG TECHNOLOGY CO., LTD.;CN;2022;407.014
346.;APR CO.,LTD.;KR;2023;406.243
347.;KENSING, LLC;US;2022;406.000
348.;JBF GLOBAL EUROPE;BE;2022;404.786
349.;JOINT-STOCK COMPANY EUROCHEM NORTHWEST;RU;2022;401.381
350.;JNC CORPORATION;JP;2022;401.086
351.;KENLI HUIDONG NEW ENERGY CO., LTD.;CN;2013;401.018
352.;WUHAN GOLDEN HAIR TECHNOLOGY CO., LTD.;CN;2021;398.710
353.;LIANYUNGANG PENGCHEN SPECIAL NEW MATERIALS CO., LTD.;CN;2022;398.209
354.;BEAUTY HEALTH CO;US;2023;397.991
355.;KOREA NEXLENE CO.,LTD;KR;2023;397.815
356.;BESTORY ADVANCED MATERIALS CO., LTD.;CN;2022;396.821
357.;XINJIANG TIANLI PETROCHEMICAL CO., LTD.;CN;2021;396.559
358.;AIR LIQUIDE (FUZHOU) CO., LTD.;CN;2022;393.988
359.;ANQING REFINING AND CHEMICAL SHUGUANG BUTANOL CHEMICAL CO., LTD.;CN;2021;393.363
360.;SHANDONG KORUHR CHEMICAL CO., LTD.;CN;2021;391.330
361.;LB XIANGYANG TITANIUM INDUSTRY CO., LTD.;CN;2021;390.263
362.;CHEMOURS DEUTSCHLAND GMBH;DE;2022;387.407
363.;WANHUA CHEMICAL (YANTAI) CHLOR-ALKALI THERMAL POWER CO., LTD.;CN;2020;385.857
364.;PRINCE INTERNATIONAL CORPORATION;US;2020;385.000
365.;HUZHOU GAS CO LTD;CN;2022;384.977
366.;OTKRYTOE AKTSIONERNOE OBSCHESTVO MOGILEVKHIMVOLOKNO;BY;2023;384.570
367.;SUNDE GROUP AS;NO;2022;383.689
368.;ZHUHAI YUNQING CHEMICAL FIBER TWISTING FACTORY;CN;2017;381.161
369.;SOUTHEAST NEW MATERIALS (HANGZHOU) CO., LTD.;CN;2022;380.843
370.;SK FUNCTIONAL POLYMER;FR;2021;380.697
371.;JILIN PROVINCE NEW TIANLONG INDUSTRY CO., LTD.;CN;2022;379.379
372.;SHANDONG JINHAI TITANIUM RESOURCES TECHNOLOGY CO., LTD.;CN;2021;379.267
373.;GUANGDONG ZHAN HUA CO., LTD.;CN;2014;378.180
374.;COLOURPOP COSMETICS, LLC;US;2022;377.000
375.;KAOKOSUMEPURODAKUTSUODAWARA KK;JP;2022;376.932
376.;JIANGSU HAIXING CHEMICAL INDUSTRY  CO., LTD.;CN;2022;370.324
377.;SHANDONG YIDA NEW MATERIALS CO., LTD.;CN;2022;369.154
378.;HEBEI VEYONG BIO-CHEMICAL CO., LTD.;CN;2022;369.113
379.;SICHUAN JINTIAN PAPER CO., LTD.;CN;2021;366.591
380.;INEOS STYROLUTION POLYMERS (NINGBO) COMPANY LIMITED;CN;2021;366.461
381.;KAIFENG JIUHONG CHEMICAL CO., LTD.;CN;2022;365.926
382.;ANHUI HANFANG BIOLOGICAL TECHNOLOGY CO., LTD.;CN;2021;365.779
383.;ASP CHROMAFLO HOLDINGS AUSTRALIA PTY LTD;AU;2022;365.528
384.;INOVYN PRODUZIONE ITALIA S.P.A.;IT;2022;365.284
385.;NINGBO DAWO CHEMICAL FIBER TECHNOLOGY CO., LTD.;CN;2021;363.998
386.;JORF FERTILIZERS COMPANY I;MA;2019;361.556
387.;JIANGSU XINTAI MATERIAL TECHNOLOGY CO., LTD.;CN;2022;359.775
388.;JINAN ACETATE CHEMICAL CO., LTD.;KY;2023;359.349
389.;ADVANTAGE ENERGY INCOME FUND;CA;2022;359.000
390.;NEW BIODIESEL CO.,LTD. CO., LTD.;TH;2023;358.449
391.;INDORAMA VENTURES CORLU PET SANAYI ANONIM SIRKETI;TR;2022;357.812
392.;TANGSHAN DONGFANG YUHONG WATERPROOF TECHNOLOGY CO., LTD.;CN;2021;357.102
393.;NINGBO ZHETIE DAFENG CHEMICAL CO., LTD.;CN;2021;355.054
394.;HEGANG LEILONG SILICATE PRODUCTS FACTORY;CN;2017;354.247
395.;JERVOIS FINLAND OY;FI;2022;353.253
396.;SHANDONG SANMU CHEMICAL CO., LTD.;CN;2021;352.513
397.;CHROMAFLO TECHNOLOGIES CORP;US;2022;352.000
398.;CHINA RAILWAY CONSTRUCTION CORPORATION (BEIJING) INTERNATIONAL TRADING CO., LTD.;CN;2017;351.593
399.;TOYOCHEM CO.,LTD.;JP;2022;351.481
400.;GUIZHOU KAIYANG LU FA INDUSTRIAL CO., LTD.;CN;2014;349.159
401.;ROEHM CHEMICAL (SHANGHAI) CO., LTD.;CN;2021;348.988
402.;ANUVIA PLANT NUTRIENTS CORP;US;2022;348.000
403.;CAMPO RICO BRASIL COMERCIO DE FERTILIZANTES S.A.;BR;2022;347.722
404.;CELANESE OPERATIONS MEXICO;MX;2020;347.205
405.;INNER MONGOLIA MIRACULOUS CROP SCIENCE CO., LTD.;CN;2021;344.127
406.;OCI PARTNERS LP;US;2017;343.325
407.;CHINA FIRST CHEMICAL HOLDINGS LIMITED;KY;2017;343.136
408.;MEGHMANI ORGANICS LIMITED;IN;2021;341.838
409.;EAST DUBUQUE NITROGEN PARTNERS, L.P.;US;2015;340.731
410.;MIWON SPECIALTY CHEMICAL CO., LTD.;KR;2023;339.439
411.;YUNAITED PETROKEMIKALS;RU;2023;335.992
412.;HEBEI XINXINYUAN ENERGY CO., LTD.;CN;2022;335.693
413.;HUBEI YIHUA SONGZI FERTILIZER CO., LTD.;CN;2021;335.353
414.;PACIFIC PAINT BOYSEN PHILIPPINES INC;PH;2022;335.223
415.;JIANGSU FUQIANG NEW MATERIAL CO., LTD.;CN;2022;334.770
416.;HUAFON MICROFIBRE (JIANGSU) CO., LTD.;CN;2020;334.369
417.;ANHUI LIMU NEW MATERIAL TECHNOLOGY CO., LTD.;CN;2022;333.588
418.;KRIOGAZ-VYSOTSK;RU;2021;332.405
419.;UNILEVER COLOMBIA SCC SAS;CO;2019;330.153
420.;MENGZHOU HOUYUAN BIOLOGICAL TECHNOLOGY CO., LTD.;CN;2021;330.108
421.;ENCHEM CO.,LTD.;KR;2023;329.371
422.;ANHUI MAANSHAN STEEL CHEMICAL ENERGY TECHNOLOGY CO., LTD.;CN;2022;326.096
423.;ZHEJIANG DINGYANG NEW MATERIALS CO., LTD.;CN;2020;325.963
424.;YUNNAN YUNTIANHUA YUNFENG CHEMICAL CO., LTD. XA0;CN;2022;325.775
425.;TEAM TANKERS INTERNATIONAL LTD.;BM;2019;325.603
426.;PERIMETER SOLUTIONS SA;LU;2023;322.108
427.;YUNNAN SHUIFU YUNTIANHUA CO., LTD.;CN;2016;321.006
428.;IFF N&H GERMANY GMBH & CO. KG;DE;2021;316.792
429.;LESHAN HEBANG AGRICULTURAL SCIENCE AND TECHNOLOGY CO., LTD.;CN;2019;315.119
430.;ORDOS YIDING ECOLOGICAL AGRICULTURE DEVELOPMENT CO., LTD.;CN;2022;314.475
431.;DAPU COUNTY YINJIANG SHENGKENG STONE CO., LTD.;CN;2021;314.423
432.;ZHUHAI DOUMEN SHUNMEI INSULATION MATERIAL CO., LTD.;CN;2015;313.474
433.;JIANGSU GANGHONG FIBER CO., LTD.;CN;2020;313.369
434.;ZHONGLUN NEW MATERIALS CO., LTD.;CN;2021;312.946
435.;PRYCE GASES, INC.;PH;2022;312.050
436.;SHANDONG HAIJIANG CHEMICAL CO., LTD.;CN;2022;310.006
437.;SON HUNG PRODUCTION TRADING SERVICES COMPANY LIMMITED;VN;2022;309.721
438.;AVON OPERATIONS POLSKA SP. Z O.O.;PL;2022;308.580
439.;ZHONGSHAN BADFU CHEMICAL TECHNOLOGY CO., LTD.;CN;2021;308.433
440.;BILLIONS EUROPE LTD;GB;2022;308.096
441.;SHENZHEN HAIZHILAN PLASTIC ELECTRONICS CO., LTD.;CN;2019;306.172
442.;SHANXI BEIDOUXING NEW MATERIAL CO., LTD.;CN;2022;303.596
443.;GENERAL LITHIUM (JIUJIANG) TECH CORPORATION;CN;2022;301.674
444.;CHEMOURS NETHERLANDS B.V.;NL;2022;301.151
445.;LINXIANG JIXIANG CHEMICAL CO., LTD.;CN;2014;300.749
446.;XINJIANG SHENGXIONG CALCIUM CARBIDE CO., LTD.;CN;2020;300.046
447.;SICHUAN ENERGY INVESTMENT NEW CHEMICAL MATERIALS CO., LTD.;CN;2020;298.173
448.;CHANGCHUN DAIREN CHEMICAL (PANJIN) CO., LTD.;CN;2018;298.133
449.;IMCD INDIA PRIVATE LIMITED;IN;2021;297.775
450.;HUBEI JIA CHU GAOFENZI MATERIAL CO., LTD.;CN;2015;297.113
451.;INNER MONGOLIA YONGHE FLUOROCHEMICAL CO., LTD.;CN;2022;296.322
452.;YUYAO DAFA CHEMICAL FIBER CO., LTD.;CN;2021;294.487
453.;TSAKER NEW ENERGY TECH CO., LIMITED;KY;2023;294.067
454.;LIAOCHENG LUXI POLYCARBONATE CO., LTD.;CN;2022;291.853
455.;YUNNAN YUNTIANHUA INTERNATIONAL CHEMICAL CO., LTD. YUNFENG BRANCH;CN;2013;291.852
456.;HENAN XINLIANXIN FERTILIZER CO., LTD. FOUR BRANCH;CN;2017;291.332
457.;INEOS DERIVATIVES LAVERA SAS;FR;2022;290.132
458.;JIANGSU XUANDA POLYMER MATERIALS CO., LTD.;CN;2022;289.937
459.;PUYANG SHENGYUAN ENERGY TECHNOLOGY CO., LTD.;CN;2022;289.536
460.;PUYANG SHENGYUAN ENERGY TECHNOLOGY CO.,LTD;CN;2022;288.924
461.;CEPSA BIOENERGIA SAN ROQUE SL.;ES;2022;288.591
462.;JIANGSU DOWILL PAINTS CO., LTD.;CN;2022;288.574
463.;ELITE SPICE, INC.;US;2022;288.000
464.;JINGBO AGROCHEMICALS TECHNOLOGY CO., LTD.;CN;2022;285.951
465.;HUNAN YONGSHAN LITHIUM CO., LTD.;CN;2022;285.663
466.;HOSHINE SILICON (LUZHOU) INDUSTRY CO., LTD.;CN;2022;284.062
467.;SHANXI CHINA COAL PINGSHUO ENERGY CHEMICAL INDUSTRIAL CO., LTD.;CN;2022;280.219
468.;FIREWATER LLC;US;2020;279.000
469.;HANGZHOU HANSHENG INDUSTRIAL CO.,LTD.;CN;2022;278.991
470.;RENXIN NEW MATERIAL CO.,LTD.;CN;2023;278.597
471.;POLYRAM PLASTIC INDUSTRIES LTD;IL;2023;275.957
472.;BAYER STOLFO DAILY CHEMICAL  HUBEI CO., LTD.;CN;2014;275.782
473.;JINZHENGDA NORTEL CHEMICAL CO., LTD.;CN;2019;272.505
474.;GUIZHOU WESTERN INDUSTRIAL CO., LTD.;CN;2022;271.479
475.;ULSAN PP CO.,LTD;KR;2023;270.992
476.;G2O TECHNOLOGIES LLC;US;2022;270.000
477.;NIPPON GASES INDUSTRIAL S.R.L.;IT;2022;267.876
478.;HARBIN FUERJIA TECHNOLOGY CO.,LTD.;CN;2023;267.591
479.;TERRAGRO FERTILIZER CO LTD;TH;2022;266.837
480.;CHONGQING HUAFON NEW MATERIALS CO., LTD.;CN;2022;266.558
481.;QINZHOU TIANHENG PETROCHEMICAL CO., LTD.;CN;2022;265.448
482.;HUBEI GREENHOME MATERIALS TECHNOLOGY, INC.;CN;2021;264.607
483.;SINOPEC CATALYST CO., LTD. CHANGLING BRANCH;CN;2014;264.448
484.;SATERI (YANCHENG) FIBER CO., LTD.;CN;2022;263.577
485.;XINJIANG XINLIANXIN ENERGY CHEMICAL CO., LTD.;CN;2019;262.328
486.;NEIMENGGU QINGHUA JITUAN WUSI TAI JINGXI CHEMICAL CO., LTD.;CN;2022;262.063
487.;ZHUHAI ZHONGGUAN PETROCHEMICAL CO., LTD.;CN;2022;261.751
488.;CGN JUNER (ZHEJIANG) NEW MATERIALS CO., LTD.;CN;2022;261.729
489.;SDIC BIOENERGY ENERGY (TIELING) CO., LTD.;CN;2021;261.695
490.;SUQIAN YIDA NEW MATERIAL CO., LTD.;CN;2022;261.580
491.;LINDE GAS GMBH;AT;2022;261.576
492.;HD HYUNDAIOCI CO., LTD;KR;2023;260.912
493.;DOW CHEMICAL SILICONES KOREA LTD;KR;2023;260.295
494.;SHANXI LANHUA SCI-TECH VENTURE CO., LTD. NEW MATERIALS BRANCH;CN;2018;259.990
495.;ANHUI SKSHU PAINT CO., LTD.;CN;2022;259.922
496.;PANZHIHUA DARUI TECHNOLOGY CO., LTD.;CN;2021;259.693
497.;ENGEN BOTSWANA LIMITED;BW;2023;258.422
498.;GUANGZHOU GUANGGANG GASES&ENERGY CO.,LTD.;CN;2023;257.964
499.;SHANDONG JINGYANG SCIENCE AND TECHNOLOGY CO., LTD.;CN;2022;256.680
500.;ADAMA HUIFENG (JIANGSU) LTD.;CN;2022;256.219
501.;AIR WATER PERFORMANCE CHEMICAL INC.;JP;2022;256.203
502.;YUNNAN XIANGFENG PETROCHEMICAL CO., LTD.;CN;2022;256.102
503.;NINGXIA JINYUYUAN ENERGY CHEMICAL CO., LTD.;CN;2022;255.313
504.;SUQIAN UNITECH CORP., LTD.;CN;2022;255.037
505.;HEBEI ZHENGYUAN HYDROGEN ENERGY TECHNOLOGY CO., LTD.;CN;2017;254.068
506.;HUBEI SHENTAN ENVIRONMENTAL PROTECTION NEW MATERIAL CO., LTD.;CN;2021;253.857
507.;GONGYI HUA SONG WATER PURIFICATION MATERIAL FACTORY;CN;2020;252.974
508.;SHANDONG CENTURY SUNSHINE TECHNOLOGY CO., LTD.;CN;2022;252.735
509.;YUNFU ZIRUN STONE CRAFT FACTORY;CN;2018;251.715
510.;LANXESS CHEMICAL B.V.;NL;2022;250.681
511.;WANHUA CHEMICAL (GUANGDONG) CO., LTD.;CN;2022;250.401
512.;APOLLO HEALTHCARE CORP;CA;2020;250.258
513.;ANHUI HUILONG GROUP WUHE ECOLOGICAL FERTILIZER CO., LTD.;CN;2022;250.034
514.;3D BIOMEDICINE SCIENCE & TECHNOLOGY CO., LTD.;CN;2022;249.867
515.;INNER MONGOLIA CHENGXIN YONGAN CHEMICAL CO., LTD.;CN;2022;249.011
516.;ANHUI HUAXING CHEMICAL INDUSTRY CO., LTD.;CN;2021;247.868
517.;SHANGHAI KUMHO-SUNNY (JINSHAN) PLASTICS CO., LTD.;CN;2022;246.718
518.;SHAANXI GUOXU CHEMICAL CO., LTD.;CN;2022;245.133
519.;HARIMA CHEMICALS,INC.;JP;2022;244.673
520.;XINJIANG BLUERIDGE TUNHE ENERGY CO., LTD.;CN;2020;244.667
521.;SUZHOU FENGBEI BIOTECH CO., LTD.;CN;2022;244.588
522.;BAOSTEEL CHEMICAL ZHANJIANG CO., LTD.;CN;2022;244.452
523.;CARVERKOREA CO., LTD;KR;2023;244.050
524.;JIANGXI XINYANGFENG FERTILIZER CO., LTD.;CN;2022;243.863
525.;GANSU DONFON TITANIUM INDUSTRY CO., LTD.;CN;2022;242.834
526.;LECHANG SHUNQIAN ENVIRONMENTAL PROTECTION MATERIAL CO., LTD.;CN;2018;242.536
527.;KEMCO CO.,LTD;KR;2023;241.553
528.;NINH BINH NITROGENOUS FERTILIZER LTD.COMPANY;VN;2022;240.137
529.;MAKKAH FUEL STATION STATION COMPANY;SA;2022;240.000
530.;SINARMAS CEPSA DEUTSCHLAND GMBH;DE;2022;239.832
531.;SALTEND CHEMICALS PARK LIMITED;GB;2022;239.676
532.;VENATOR UERDINGEN GMBH;DE;2021;238.888
533.;VYNOVA WILHELMSHAVEN GMBH;DE;2022;238.738
534.;BLUE CUBE CHEMICALS(ZHANGJIAGANG) CO., LTD.;CN;2022;238.626
535.;SWANCOR HOLDING CO., LTD.;TW;2023;238.489
536.;MCC RAMU NEW ENERGY TECHNOLOGY CO., LTD.;CN;2020;238.090
537.;ANHUI TAIHE SEN ENERGY SCIENCE AND TECHNOLOGY CO., LTD.;CN;2014;237.883
538.;BASF CROP PROTECTION (JIANGSU) CO., LTD.;CN;2022;237.817
539.;GUIZHOU BATIAN ECOTYPIC ENGINEERING CO., LTD.;CN;2020;237.195
540.;BOT NEW MATERIAL TAIZHOU CO., LTD.;CN;2021;236.495
541.;XIANGYANG ZE EAST CHEMICAL CO., LTD.;CN;2014;235.566
542.;ZHEJIANG ATLANTENEW MATERIAL TECHNOLOGY CO., LTD.;CN;2022;235.241
543.;FERTILIZANTES DE LA COSTA ATLANTICA;MX;2022;234.620
544.;CARIFLEX PTE. LTD.;SG;2022;234.517
545.;CATHAY (JINXIANG) BIOMATERIAL CO., LTD.;CN;2022;233.530
546.;CHENGDU KINGFA SCI. & TECH. ADVANCED MATERIALS CO., LTD.;CN;2022;233.026
547.;INNER MONGOLIA ERDOS CHEMICAL INDUSTRY CO., LTD.;CN;2021;231.544
548.;NESTE GERMANY GMBH;DE;2022;231.343
549.;NHU EUROPE GMBH;DE;2022;231.321
550.;CHEERWIN GROUP LIMITED;KY;2023;230.203
551.;HUNAN PROVINCE LICHEN INDUSTRIAL CO.,LTD;CN;2011;229.525
552.;SHANXI LUBAO XINGHAI NEW MATERIAL CO., LTD.;CN;2022;229.523
553.;SHANDONG HUINENG CHEMICAL SCIENCE & TECHNOLOGY CO., LTD.;CN;2022;228.517
554.;SHENZHEN STRAWBERRY ANTI-COUNTERFEITING TECHNOLOGY CO., LTD.;CN;2019;228.164
555.;SHANXI SANQIANG NEW ENERGY TECHNOLOGY CO., LTD.;CN;2021;228.083
556.;FOCUS HOTMELT COMPANY;CN;2023;227.991
557.;INEOS COMPOUNDS HOLDINGS LIMITED;GB;2022;227.938
558.;HENAN NAME OF A DYNASTY OPEN CHEMICAL ENGINEERING INVEST CONTROL SHARES GROUP CO., LTD. ONE BRANCH;CN;2018;227.391
559.;JIANGSU HAILI CHEMICAL CO., LTD.;CN;2022;227.111
560.;AURORIUM AUSTRIA GMBH;AT;2022;226.657
561.;SBM LIFE SCIENCE CORP;US;2022;225.000
562.;BUNGE BIOCOMBUSTIBIL S.R.L.;RO;2022;224.807
563.;SICHUAN DONGSHU NEW MATERIALS CO., LTD.;CN;2022;224.741
564.;BST ENEOS ELASTOMER CO LTD;TH;2023;224.722
565.;HUZHOU YOU FU INDUSTRIAL FIBER CO., LTD.;CN;2020;224.659
566.;CHEMACT(LIAONING)PETROCHEMICALS LTD;CN;2015;224.525
567.;GARSONI (JINGZHOU) FERTILIZER CO., LTD.;CN;2020;224.394
568.;KCC SILICONE CORPORATION;KR;2023;224.272
569.;ARCHROMA GERMANY GMBH;DE;2022;223.879
570.;DALIAN MENGLIAN PETROCHEMICAL CO., LTD.;CN;2021;223.686
571.;SHANDONG CHAMBROAD SINOPOLY NEW MATERIAL CO., LTD.;CN;2022;223.570
572.;TEIJIN CORPORATION (THAILAND) CO LTD;TH;2022;223.316
573.;LOTTE GS CHEMICAL CORPORATION;KR;2023;222.168
574.;NINGXIA JINYUYUAN GUANGTUO ENERGY CO., LTD.;CN;2020;222.040
575.;SIEGWERK USA CO;US;2018;222.000
576.;LINQUAN CHEMICAL CO., LTD.;CN;2010;221.126
577.;NINGXIA JINYUYUAN HIGH-TECH MATERIALS CO., LTD.;CN;2020;221.034
578.;SHIJIAZHUANG DING YING CHEMICAL CO., LTD.;CN;2022;220.852
579.;SUMITOMO SEIKA POLYMERS KOREA CO.,LTD;KR;2022;220.356
580.;XIAOXING SPANDEX (QUZHOU) CO., LTD.;CN;2022;220.284
581.;PARTNER INDUSTRIAL LP;US;2022;220.000
582.;JIANGSU JINTUNG SURFACTANT CORPORATION LTD.;CN;2022;219.921
583.;SYNTHOS SCHKOPAU GMBH;DE;2022;219.843
584.;JIANGSU XINGBANG RESOURCES UTILIZATION CO., LTD.;CN;2018;219.836
585.;HUBEI YUNHUAAN CHEMICAL CO., LTD.;CN;2022;219.429
586.;ARCHROMA IBERICA SL;ES;2022;219.307
587.;PEROXYCHEM LLC;US;2022;218.000
588.;WUXI XINGSHENG NEW MATERIAL TECHNOLOGY CO.,LTD.;CN;2021;217.902
589.;GUANGZHOU DEGU PERSONAL CARE CO., LTD.;CN;2020;217.067
590.;SICHUAN AOKE CHEMICAL CO., LTD.;CN;2021;216.423
591.;ITELYUM PURIFICATION S.P.A.;IT;2022;216.042
592.;DELRIN USA LLC;US;2022;216.000
593.;XIANGSHUI ZHONGSHAN BIOSCIENCE CO., LTD.;CN;2021;215.985
594.;PLASTIVERD PET RECICLADO SA;ES;2021;215.781
595.;SHANDONG CHENGHUIJIN INDUSTRIAL CO., LTD.;CN;2021;215.384
596.;NINGBO CHANGHONG POLYMER SCIENTIFIC AND TECHNICAL INC.;CN;2023;215.364
597.;ZHENYUAN YANGPING WISTERIA FLOWER PAINT FACTORY;CN;2017;215.001
598.;GROVE COLLABORATIVE INC;US;2021;215.000
599.;TAICANG YIFENG CHEMICAL FIBER CO., LTD.;CN;2022;214.958
600.;YANGZHOU FUWEIER COMPOSITE MATERIALS CO., LTD.;CN;2020;214.778
601.;SHANDONG HOLITECH CHEMICAL INDUSTRY CO., LTD.;CN;2022;213.499
602.;GUANGZHOU BAIYUN DISTRICT LIANGLI COSMETICS FACTORY;CN;2018;213.071
603.;GUANGXI MINGLI CHEMICALS CO., LTD.;CN;2015;212.930
604.;AKZO NOBEL PERFORMANCE COATINGS (CHANGZHOU) CO., LTD.;CN;2021;212.836
605.;HANWHA CHEMICAL MALAYSIA SDN. BHD.;MY;2022;212.579
606.;WUHU ORIENTAL YUHONG BUILDING MATERIALS CO., LTD.;CN;2021;212.527
607.;QIXIAN DONGCI XINNENGYUAN CO., LTD.;CN;2014;211.979
608.;HIGH PROTEIN;BG;2022;211.461
609.;DONGGUANG CHEMICAL LIMITED;CN;2016;211.150
610.;ZHEJIANG XINJIANG COMPOUND NEW MATERIALS CO.,LTD;CN;2013;210.480
611.;DUPONT SPECIALTY PRODUCTS GMBH & CO. KG;DE;2022;210.325
612.;HANGZHOU DONGHAO INDUSTRIAL INVESTMENT GROUP CO., LTD.;CN;2020;210.049
613.;ZHEJIANG GUANGHUA TECHNOLOGY CO.,LTD.;CN;2023;209.668
614.;MANOSALVA FONSECA JESUS DAVID;CO;2023;209.312
615.;CHEERWIN GROUP LIMITED;KY;2022;209.302
616.;SICHUAN SKSHU PAINT CO., LTD.;CN;2022;209.267
617.;FUJIAN CYCLONE TECHNOLOGY CO., LTD.;CN;2022;208.525
618.;HUAIHUA TAITONG NEW MATERIAL TECHNOLOGY CO., LTD.;CN;2021;208.346
619.;GLOSSIER, INC.;US;2022;208.000
620.;SHAANXI WEIHE BINZHOU CHEMICAL CO., LTD.;CN;2022;207.957
621.;HENAN HANYONG ALCOHOL CO., LTD.;CN;2021;207.863
622.;YUNNAN YUNTIANHUA PETROCHEMICAL CO., LTD.;CN;2022;207.720
623.;SHANDONG MINGQUAN NEW MATERIAL TECHNOLOGY CO., LTD.;CN;2022;207.162
624.;ZAOYANG JINLU CHEMICAL INDUSTRY CO., LTD.;CN;2014;206.892
625.;NIKA-PETROTECH;RU;2023;206.764
626.;ZHEJIANG CHUANHUA SYNTHETIC MATERIALS CO., LTD.;CN;2022;206.742
627.;JIANGXI TIANYU CHEMICAL CO., LTD.;CN;2022;206.693
628.;NINGXIA QIANYANG RECYCLING NEW MATERIAL CO., LTD.;CN;2021;205.467
629.;QINGDAO ORIENTAL YUHONG BUILDING MATERIALS CO., LTD.;CN;2022;204.725
630.;CHONGQING YUNTIANHUA TIANJUXINCAI CO., LTD.;CN;2018;203.937
631.;UNILEVER (TIANJIN) CO., LTD.;CN;2022;203.480
632.;LIAONING XINGDA FINE CHEMICAL CO., LTD.;CN;2020;203.233
633.;SHANGHAI HONGENE BIOENGINEERING CO., LTD.;CN;2022;203.175
634.;GUANGXI TIANDONG JINYI TECHNOLOGY CO., LTD.;CN;2021;203.168
635.;AVGUST-ALABUGA;RU;2023;202.507
636.;SHANDONG LIAOCHENG LUXI NITRO COMPOUND FERTILIZER CO., LTD.;CN;2022;202.354
637.;JOINT STOCK COMPANY TECHMACHSERVICE;RU;2021;202.070
638.;YUNNAN ENERGY INVESTMENT CHEMICAL CO., LTD.;CN;2021;201.822
639.;SINOPEC JIANGHAN SALT CHEMICAL HUBEI CO., LTD.;CN;2022;201.669
640.;FUJIAN FUHUAGULEI PETROCHEMICAL CO., LTD.;CN;2019;201.667
641.;RUNCORN MCP LIMITED;GB;2022;201.656
642.;LIAOCHENG LUXI FORMIC ACID CHEMICAL CO., LTD.;CN;2022;201.592
643.;HALEON LEVICE, S.R.O.;SK;2022;201.416
644.;HUNAN XIANGJIANG KANSAI PAINT (CHANGSHA) CO., LTD.;CN;2022;201.169
645.;FUJIAN JINGLIAN TECHNOLOGY CO., LTD.;CN;2021;200.655
646.;BASF MARKOR CHEMICAL MANUFACTURING (XINJIANG) CO., LTD.;CN;2022;200.636
647.;SENG FONG HOLDINGS BERHAD;MY;2023;200.342
648.;HONGHU YITAI SCIENCE AND TECHNOLOGY CO., LTD.;CN;2022;200.239
649.;SELENA INDUSTRIAL TECHNOLOGIES SP. Z O.O.;PL;2022;199.843
650.;HEXION VAD B.V.;NL;2021;198.889
651.;SHANDONG GUANGTONG NEW MATERIALS CO., LTD.;CN;2022;198.460
652.;PINGDINGSHAN SHENMA CORD FABRIC DEVELOPMENT CO., LTD.;CN;2020;197.527
653.;XIMEI RESOURCES HOLDING LIMITED;KY;2023;197.525
654.;SOLPRIMA NEW MATERIALS (DONGYING) CO., LTD.;CN;2021;197.443
655.;BYN ELECTRONIC MATERIALS CO., LTD.;CN;2022;197.399
656.;SHOUGUANG DARUN TRADING CO., LTD.;CN;2021;197.325
657.;JIANGSU CNANO TECHNOLOGY CO.,LTD.;CN;2023;197.162
658.;FORTISCHEM A. S.;SK;2023;196.926
659.;LABORATOIRES ANIOS;FR;2021;196.833
660.;ZHEJIANG AMERISOURCE NEW MATERIAL CO., LTD.;CN;2022;196.600
661.;NINGBO HAODE CHEMICAL INDUSTRY CO., LTD.;CN;2022;196.597
662.;JSW PAINTS PRIVATE LIMITED;IN;2022;196.521
663.;LIMITED LIABILITY COMPANY PRIME TOP;RU;2023;194.911
664.;JIANGXI HUNGPAI NEW MATERIAL CO., LTD.;CN;2023;194.875
665.;HUIZHOU YUSSEN MATERIALS CO., LTD.;CN;2022;194.625
666.;HUBEI ZHONGLAN HONGYUAN NEW ENERGY MATERIALS CO., LTD.;CN;2022;194.575
667.;JIANGSU JINQIAO OIL TECHNOLOGY CO., LTD.;CN;2022;194.266
668.;ZHEJIANG HUANGMA NEW MATERIAL TECHNOLOGY CO., LTD.;CN;2022;193.764
669.;PUR-SYSTEMS GMBH;DE;2022;193.338
670.;LIMIN CHEMICAL CO., LTD.;CN;2020;193.115
671.;FORMOSA PHENOL (NINGBO) LIMITED COMPANY;CN;2015;193.002
672.;JIANGSU JIUJIUJIU TECHNOLOGY CO., LTD.;CN;2019;192.991
673.;MEGHMANI ORGANICS LIMITED;IN;2023;192.382
674.;JIANGSU YONGTONG NEW MATERIALS TECHNOLOGY CO., LTD.;CN;2022;192.355
675.;ANHUI RUIBAI NEW MATERIAL CO., LTD.;CN;2022;192.236
676.;XINXIANG JIEN NEW ENERGY MATERIALS CO.,LTD.;CN;2014;191.991
677.;SUNGEEL HITECH CO.,LTD.;KR;2023;191.847
678.;AXALTA COATING SYSTEMS BRASIL LTDA.;BR;2022;191.677
679.;ACROM AGROINDUSTRIAL LTDA;BR;2022;191.677
680.;JOTUN BRASIL IMPORTACAO, EXPORTACAO E INDUSTRIA DE TINTAS LTDA;BR;2022;191.677
681.;W.L. GORE & ASSOCIATES (SHENZHEN) COMPANY LIMITED;CN;2022;191.276
682.;ANHUI ZHONGGAN NEW MATERIALS CO., LTD.;CN;2021;191.023
683.;OCI METHANOL MARKETING B.V.;NL;2022;190.064
684.;CANGZHOU BADEFU CHEMICAL TECHNOLOGY CO., LTD.;CN;2021;190.057
685.;MONAT GLOBAL CORP.;US;2022;190.000
686.;ZIBO CITY LINZI LINHAI CHEMICAL CO.,LTD;CN;2012;189.913
687.;FUJIAN JINCHENG HIGH-TECH INDUSTRY CO., LTD.;CN;2020;189.836
688.;ZHEJIANG HENGYI POLYAMIDE CO., LTD.;CN;2020;189.221
689.;ZIBO LINZI XINLONG CHEMICAL CO.,LTD.;CN;2014;188.792
690.;SHANXI HUAXIN FERTILIZER CORP.;CN;2022;188.625
691.;UPC CHEMICALS (MALAYSIA) SDN. BHD.;MY;2022;188.399
692.;DUPONT SPECIALTY PRODUCTS USA LLC;US;2020;187.000
693.;FORCHEM OYJ;FI;2022;186.734
694.;CELANESE PRODUCTION BELGIUM;BE;2022;186.718
695.;AVIENT COLORANTS GERMANY GMBH;DE;2022;186.377
696.;TURKUAZ POLYESTER RECINE KIMYA SANAYI TICARET ANONIM SIRKETI;TR;2022;185.518
697.;ZHONGHAI OIL HUAYUE CHEMICAL INDUSTRY CO.,LTD;CN;2013;184.690
698.;NINGXIA TAIKANG PHARMACEUTICAL CO., LTD.;CN;2022;184.140
699.;ALL ONE GOD FAITH, INC.;US;2022;184.000
700.;HARRYS INC;US;2022;184.000
701.;AMBER LAI YA COSMETICS CORP. HUZHOU BRANCH;CN;2017;183.982
702.;CHENGDU GUIBAO NEW MATERIAL CO., LTD.;CN;2022;183.872
703.;EASTMAN SHUANGWEI FIBERS CO., LTD.;CN;2022;183.342
704.;CFN KIMYA SANAYI VE DIS TICARET ANONIM SIRKETI;TR;2022;183.277
705.;SICHUAN MEIFENG CHEMICAL TECHNOLOGY CO., LTD.;CN;2021;182.604
706.;JIANGXI KAIMENZI FERTILIZER CO., LTD.;CN;2021;181.739
707.;TANGSHAN BLACK CAT CARBON BLACK CO., LTD.;CN;2022;181.577
708.;QINGDAO RAINBOW CHEMICAL CO., LTD.;CN;2022;181.399
709.;ZHANGQIU RIYUE CHEMICAL INDUSTRY LIMITED-LIABILITY COMPANY;CN;2009;181.307
710.;GONGZHULING HAOYANG CHEMICAL CO., LTD.;CN;2021;181.186
711.;TOPPAN SPECIALITY FILMS PRIVATE LIMITED;IN;2022;181.152
712.;CQLT SAARGUMMI DEUTSCHLAND GMBH & CO. KG;DE;2011;181.146
713.;MIWON CHEMICALS CO.,LTD.;KR;2023;180.406
714.;NIPPON PAINT (HUBEI) CO., LTD.;CN;2022;180.203
715.;PERFORMANCE SPECIALTY PRODUCTS ASTURIAS SLU;ES;2022;180.032
716.;ZHEJIANG SANJIANG NEW CHEMICAL MATERIALS CO., LTD.;CN;2015;179.795
717.;PEXEL INTERNATIONAL LIMITED;MT;2021;179.686
718.;UNIVERSAL HEALTH INTERNATIONAL GROUP HOLDING LIMITED;KY;2023;179.051
719.;FIRST NEW MATERIAL TECHNOLOGY DEVELOPMENT CO., LTD.;CN;2021;178.926
720.;HUNAN KINGFULI NEW ENERGY CO., LTD.;CN;2022;178.704
721.;GUANGXI XINFANGXIANG HUAXUE CHEMICAL CO., LTD.;CN;2014;178.035
722.;CHONGQING YIXIANG CHEMICAL CO., LTD.;CN;2020;178.018
723.;BIOSIMILARS NEWCO LIMITED;GB;2022;176.970
724.;SHENZHEN HANFU TRADING CO., LTD.;CN;2018;176.924
725.;SHANDONG BINQING NEW ENERGY DEVELOPMENT CO., LTD.;CN;2018;176.526
726.;HUBEI LIZHEN ENVIRONMENTAL PROTECTION INDUSTRY CO., LTD.;CN;2021;176.424
727.;SICHUAN YIGUANG NEW MATERIAL MANUFACTURING CO., LTD.;CN;2021;175.980
728.;BOZHOU SIERTE ECOLOGICAL FERTILIZER INDUSTRY CO., LTD.;CN;2022;175.500
729.;FUJIAN HUIDE NEW MATERIALS CO., LTD.;CN;2022;175.094
730.;WUHAN TIANLI CHEMICAL CO., LTD.;CN;2010;175.021
731.;QINGDAO HIGHLY CHEMICAL NEW MATERIALS CO., LTD.;CN;2022;174.681
732.;TIANJIN TINCI MATERIALS TECHNOLOGY CO., LTD.;CN;2022;173.932
733.;TOK ADVANCED MATERIALS CO.,LTD;KR;2023;173.825
734.;LOTTE VERSALIS ELASTOMERS CO.,LTD;KR;2023;173.726
735.;SINERGETIK;RU;2023;173.701
736.;DR. MAX PHARMA S.R.O.;CZ;2022;173.603
737.;RECKITT BENCKISER TATABANYA KORLATOLT FELELOSSEGU TARSASAG;HU;2022;173.354
738.;SAVOY INDUSTRIA DE COSMETICOS S.A.;BR;2020;173.325
739.;GUANGXI QINZHOU CHENGXING CHEMICAL TECHNOLOGY CO., LTD.;CN;2022;173.309
740.;NIPPON GASES OPERATIONS S.R.L.;IT;2022;172.719
741.;FUJIAN CHUNDA CHEMICAL CO., LTD.;CN;2022;172.226
742.;GLOBAL LIFE SCIENCES SOLUTIONS AUSTRIA GMBH & CO KG;AT;2022;172.068
743.;AIREDALE GROUP HOLDINGS LIMITED;GB;2022;172.065
744.;NANJING NALCOHOL NEW MATERIAL CO., LTD.;CN;2020;171.637
745.;TATA 1MG HEALTHCARE SOLUTIONS PRIVATE LIMITED;IN;2022;171.395
746.;IOI OLEO GMBH;DE;2022;171.210
747.;C&C INTERNATIONAL CO., LTD.;KR;2023;170.876
748.;GUANGDONG TONGYU ADVANCED MATERIALS CO., LTD.;CN;2022;170.748
749.;SHANDONG YINO BIOLOGIC MATERIALS CO., LTD.;CN;2022;170.521
750.;JIANGSU YA BANG DYE CORP. LIANYUNGANG BRANCH;CN;2017;170.474
751.;MIGAO (ZUNYI) TECHNOLOGY FERTILIZER CO., LTD.;CN;2014;169.958
752.;KINTE MATERIALS SCIENCE AND TECHNOLOGY CO., LTD.;CN;2022;169.833
753.;FACI S.P.A.;IT;2022;169.573
754.;SHANDONG FANGMING CHEMICAL CO.,LTD.;CN;2012;168.206
755.;GUANGXI XINXIN ENERGY TECH LTD.;CN;2022;167.310
756.;COAL-TO-METHANOL BRANCH OF GANSU HUATING COAL AND ELECTRICITY CO., LTD.;CN;2018;166.893
757.;DYNEA AS;NO;2023;166.837
758.;SHIVA PERFORMANCE MATERIALS PRIVATE LIMITED;IN;2022;166.736
759.;INEOS SOLVENTS ETHANOL LIMITED;GB;2022;166.599
760.;HANGZHOU YICHEN CHEMICAL FIBER CO., LTD.;CN;2019;166.306
761.;WENGFU CHEMICAL INDUSTRY CO.,LTD;CN;2010;166.222
762.;JIANGSU CHANGQING AGROCHEMICAL NANTONG CO., LTD.;CN;2022;165.861
763.;WANHUA CHEMICAL (SICHUAN) CO., LTD.;CN;2021;165.861
764.;GUANGXI CHUANJINNUO CHEMICAL CO., LTD.;CN;2022;165.230
765.;HUGUAN CHEMICAL GROUP CO., LTD.;CN;2013;164.750
766.;DKSH PERFORMANCE MATERIALS AUSTRALIA PTY LIMITED;AU;2022;164.630
767.;GUIYANG ANDA TECHNOLOGY ENERGY CO., LTD. KAIYANG BRANCH;CN;2017;164.574
768.;WEIFANG DAMING CHEMICAL CO., LTD.;CN;2013;164.091
769.;SHANDONG JIANBANG NEW MATERIAL CO., LTD.;CN;2021;163.828
770.;AIR PRODUCTS EQUIPMENT LIMITED;GB;2022;163.763
771.;FUJIAN NANPING GREEN PINE CHEMICAL CO., LTD.;CN;2021;163.465
772.;BAOSHENG POLYESTER JIANGSU CO., LTD.;CN;2022;163.456
773.;GUANGDONG CARPOLY SCIENCE AND TECHNOLOGY MATERIAL CO., LTD.;CN;2022;163.314
774.;INNER MONGOLIA BENXING CHEMICAL CO., LTD.;CN;2022;163.129
775.;ANHUI LITIAN ENVIRONMENTAL TECHNOLOGY CO., LTD.;CN;2021;162.784
776.;FLORIDA PAINTS;US;2022;162.000
777.;GUANGXI HANGYANG GAS CO., LTD.;CN;2022;161.970
778.;AGROFRESH SOLUTIONS, INC.;US;2022;161.937
779.;ZHEJIANG NHU SPECIAL MATERIALS CO., LTD.;CN;2022;161.565
780.;PEKING UNIVERSITY FIRST TAI'AN SCIENCE AND TECHNOLOGY CO., LTD.;CN;2014;161.290
781.;KOCH CARBON INC;US;2022;161.000
782.;SHANXI HUOJIA CHANGHUA SYNTHETIC RUBBER CO., LTD.;CN;2022;160.993
783.;HENAN SILANE TECHNOLOGY DEVELOPMENT CO., LTD.;CN;2023;160.950
784.;GUANGDONG BADEFU NEW MATERIALS CO., LTD.;CN;2021;160.926
785.;LIAONING CYNDA CHEMICAL CO., LTD.;CN;2022;160.401
786.;ENGLEWOOD LAB, INC;KR;2023;160.372
787.;CHINESE COAL LEVELING GOD HORSE GROUP RUZHOU ELECTROCHEMICAL CO., LTD.;CN;2020;160.314
788.;OTERRA A/S;DK;2023;160.284
789.;ESIM CHEMICALS GMBH;AT;2022;159.897
790.;ASIA CUANON TECHNOLOGY (CHUZHOU) CO., LTD.;CN;2022;159.804
791.;A-SAFE GROUP HOLDINGS LIMITED;GB;2022;159.743
792.;MALABON SOAP AND OIL INDUSTRIAL CO., INC.;PH;2022;159.024
793.;KURARAY KOREA LTD;KR;2023;158.891
794.;HEBI WEIDUOLI TRADE AND INDUSTRY CO., LTD.;CN;2012;158.822
795.;GUANG'AN LIER CHEMICAL CO., LTD.;CN;2020;158.436
796.;BLUESUN CONSUMER BRANDS SL;ES;2022;158.411
797.;SOPREMA IBERIA SLU;ES;2022;158.128
798.;QINGHAI CITIC GUOAN LITHIUM INDUSTRY DEVELOPMENT CO., LTD.;CN;2020;157.884
799.;AKER CARBON CAPTURE AS;NO;2023;157.827
800.;RONGCHENG QINGMU HIGH-TECH MATERIALS CO., LTD.;CN;2022;157.674
801.;FRIGORIFICO SAN JACINTO - NIREA S.A.;UY;2016;157.541
802.;SHANGHAI YUNJIE TRADING CO., LTD.;CN;2021;157.155
803.;HUZHOU WANMA POLYMER MATERIAL CO., LTD.;CN;2022;156.774
804.;LINXIANG JINXIN HULI BUBBLE HAIR SODA PLANT;CN;2014;156.389
805.;LIAOCHENG LUXI HYDROGEN PEROXIDE NEW MATERIALS TECHNOLOGY CO., LTD.;CN;2022;156.349
806.;SHANDONG LIANYI NEW ENERGY TECHNOLOGY CO., LTD.;CN;2022;156.261
807.;KKUNSHAN BAO SALT GAS CO., LTD.;CN;2022;156.240
808.;HUNAN LIUYANG JINSHENG FIREWORKS CO., LTD.;CN;2014;156.083
809.;PETTENON COSMETICS S.P.A. SOCIETA' BENEFIT;IT;2022;155.915
810.;BMONUMENT CO., LTD;KR;2023;155.733
811.;TEMC CO.,LTD.;KR;2023;155.718
812.;WUHAN LIANDE CHEMICALS CO., LTD.;CN;2022;155.315
813.;BENTLEY LABORATORIES LLC;US;2022;155.000
814.;HENAN PINGMEI SHENMA POLYCARBONATE MATERIAL CO., LTD.;CN;2022;154.645
815.;SHANDONG CHEMVIEW NEW MATERIAL CO., LTD.;CN;2021;154.614
816.;LIMITED LIABILITY COMPANY TITANIUM INVESTMENTS;RU;2021;154.418
817.;TIANJIN DAMINGENVIRONMENTAL PROTECTION TECHNOLOGY DEVELOP CO.,LTD;CN;2014;154.241
818.;NANTONG FANGXIN CHEMICAL CO., LTD.;CN;2022;153.994
819.;HEBEI ACRYLIC FIBER CO., LTD.;CN;2022;153.931
820.;SIRCA S.P.A.;IT;2022;153.859
821.;SHANDONG FENGYUAN TONGDA POWER CO., LTD. ZHONGKE ECOLOGICAL BRANCH;CN;2018;153.482
822.;PQ SILICAS B.V.;NL;2022;153.223
823.;LOTTE CHEMICAL ENGINEERING PLASTICS (DONGGUAN) CO., LTD.;CN;2022;153.208
824.;AIR PRODUCTS AND CHEMICALS(SHAANXI PUCHENG)CO.,LTD;CN;2021;152.395
825.;LIANYUNGANG HUANHAI CHEMICAL CO., LTD.;CN;2022;152.322
826.;HARRYS;US;2021;152.000
827.;NEIMENGGU YIDONG JITUAN DONG YI CHEMICAL CO., LTD.;CN;2020;151.949
828.;SANVO FINE CHEMICALS GROUP LIMITED;KY;2023;151.733
829.;SHENZHEN FEIFEI FAN CULTURE ORIGINALITY CO., LTD.;CN;2019;151.427
830.;JIAHUA CHEMICALS QUANZHOU INC.;CN;2022;151.238
831.;YUNNAN YUNWEI FEIHU CHEMICAL CO., LTD.;CN;2021;151.229
832.;HFC PRESTIGE MANUFACTURING GERMANY GMBH;DE;2022;150.940
833.;ISOPOL KIMYA ANONIM SIRKETI;TR;2023;150.844
834.;UENO FOOD TECHNO INDUSTRY,LTD.;JP;2023;150.664
835.;HENAN CHAO JIE WASHING CO., LTD.;CN;2020;150.409
836.;SHANDONG BAOTA NEW ENERGY CO., LTD.;CN;2021;150.301
837.;SHANDONG HONGXU CHEMICAL COMPANY;CN;2022;150.156
838.;NANTONG SHUO DA HONG TRADE CO., LTD.;CN;2020;150.112
839.;SOLVAY POLAND SP. Z O.O.;PL;2022;149.956
840.;EVERGREEN GARDEN CARE FRANCE SAS;FR;2022;149.688
841.;SUNO (GUANGDE) BIOTECH CO., LTD.;CN;2022;149.338
842.;QIXIANG HUALI NEW MATERIAL CO., LTD.;CN;2020;149.242
843.;MA STEEL OCI CHEMICAL CO., LTD.;CN;2022;148.914
844.;TANGYUAN YUNTIAN FERTILIZER INDUSTRY CO., LTD.;CN;2022;148.785
845.;TAMINCO FINLAND OY;FI;2023;148.589
846.;FERTGROW S.A;BR;2020;148.472
847.;NOURYON CHEMICALS INDIA PRIVATE LIMITED;IN;2022;148.370
848.;ARKEMA UK LIMITED;GB;2022;148.185
849.;MAOMING SHIHUA DONG OIL CHEMICAL INDUSTRY CO., LTD.;CN;2022;147.926
850.;BNBM YUWANG WATERPROOF TECHNOLOGY GROUP CO., LTD.;CN;2020;147.632
851.;JIUJIANG JIUHONG NEW MATERIALS CO., LTD.;CN;2022;147.595
852.;SHANDONG YUYUAN GROUP CO., LTD.;CN;2014;147.210
853.;PUYANG DERUN CHEMICAL CO., LTD.;CN;2014;147.207
854.;WEIFANG XINLONG BIO-BASED MATERIAL CO., LTD.;CN;2022;147.167
855.;SHANDONG LUXI CHEMICAL CO., LTD. NO.1 FERTILIZER FACTORY;CN;2010;147.048
856.;FOREMARK PERFORMANCE CHEMICALS INC;US;2022;147.000
857.;CHONGQING YUANLI SCIENCE AND TECHNOLOGY CO., LTD.;CN;2021;146.953
858.;HUAIAN GLORY CHEMICAL CO., LTD.;CN;2022;146.556
859.;SOLUGEN LABS LLC;US;2022;146.000
860.;ITW PERFORMANCE POLYMERS;US;2022;146.000
861.;RUGAO BAICHUAN CHEMICAL MATERIALS CO., LTD.;CN;2022;145.570
862.;HENAN SHENMA PULI MATERIALS CO., LTD.;CN;2022;145.521
863.;GC POLYOLS COMPANY LIMITED;TH;2022;145.390
864.;THE LYCRA COMPANY UK LIMITED;GB;2023;145.342
865.;SHANXI YANGMEI FENGXI QUANJI ENERGY CO., LTD.;CN;2020;145.277
866.;JIANGXI XINLIANXIN CHEMICAL INDUSTRY CO., LTD.;CN;2020;145.262
867.;INNER MONGOLIA WUHAI YADONG FINE CHEMICAL CO., LTD.;CN;2021;145.091
868.;JIANGSU SMITH NEW MATERIAL TECHNOLOGY CO., LTD.;CN;2022;145.019
869.;WUXI XDC CAYMAN INC.;KY;2022;144.911
870.;EXXONMOBIL LNG SERVICES B.V.;NL;2022;144.911
871.;JINCHUAN GROUP NICKEL SALTS CO., LTD.;CN;2016;144.870
872.;SYOUNG COSMETICS MANUFACTURING CO., LTD.;CN;2021;144.672
873.;SOLENIS ITALIA S.R.L.;IT;2023;144.648
874.;WUXI JHT HOMEWARES CO., LTD.;CN;2022;144.486
875.;FRONTIER AGROTECH PRIVATE LIMITED;IN;2022;144.475
876.;INFINEUM (CHINA) CO., LTD.;CN;2021;144.445
877.;QUZHOU HANGYANG SPECIAL GAS CO., LTD.;CN;2022;144.297
878.;ZHEJIANG RUNTU NEW MATERIALS CO., LTD.;CN;2017;143.587
879.;SOL GAS PRIMARI S.R.L.;IT;2023;143.529
880.;HAKUGEN EARTH CO., LTD.;JP;2022;142.654
881.;GUANG'AN JIUYUAN CHEMICAL CO., LTD.;CN;2020;142.515
882.;CHINA CHILD CARE CORPORATION LIMITED;CN;2017;142.208
883.;XIANYANG ORIENTAL YUHONG BUILDING MATERIALS CO., LTD.;CN;2022;142.207
884.;CHEMVIRON;BE;2022;141.970
885.;SANDTEX;GB;2023;141.361
886.;BASF TODA BATTERY MATERIALS LLC;JP;2020;141.321
887.;LEHIGH WHITE CEMENT CO LLC;US;2022;141.000
888.;SUNYES SHANSHAN ADVANCED MATERIALS TECHNOLOGY (QUZHOU) CO., LTD.;CN;2022;140.858
889.;FLINT CPS INKS GERMANY GMBH;DE;2022;140.731
890.;JINGMEN KESHUN NEW MATERIAL CO., LTD.;CN;2022;140.148
891.;SHAOXING YUANLONG CHEMICAL FIBER CO.,LTD.;CN;2022;140.054
892.;COMPAGNIE DES MARGARINES SAVONS ET COSMETIQUES SARL;CD;2014;140.000
893.;DEZHOU KESHUN BUILDING MATERIALS CO., LTD.;CN;2022;139.872
894.;JIANGXI YONGTAI CHEMICAL CO., LTD.;CN;2014;139.746
895.;HUIZHOU EXCELLENT AND INNOVATION BIOENERGY TECHNOLOGY CO., LTD.;CN;2022;139.663
896.;GENGSHENGYANLEI METALLURGY CO.,LTD;CN;2010;139.638
897.;BEIERSDORF MANUFACTURING MEXICO;MX;2021;139.528
898.;FIVEN ASA;NO;2023;139.227
899.;MMTX INC.;US;2022;139.000
900.;CHANGDE NEW MATERIALS TECHNOLOGY CO., LTD.;CN;2022;138.683
901.;LIAOCHENG KABOTE CHEMICAL CO., LTD.;CN;2014;138.529
902.;CANGZHOU JULONG CHEMICAL INDUSTRY CO., LTD.;CN;2020;137.897
903.;CHAMPIONX SG SERVICE PTE. LTD.;SG;2022;137.570
904.;JIANGSU JIUNUO ARCHITECTURAL MATERIALS TECHNOLOGY CO., LTD;CN;2021;137.548
905.;SUZHOU MEGA PLASTICS CO., LTD.;CN;2022;137.161
906.;SHANDONG HUIMENG BIO-TECH CO., LTD.;CN;2022;136.987
907.;SARZYNA CHEMICAL SP. Z O.O.;PL;2022;136.967
908.;JIANGSU WANSHENG DAWEI CHEMICAL CO., LTD.;CN;2022;136.717
909.;HANCHENG BLACK CAT CARBON BLACK CO., LTD.;CN;2022;136.537
910.;SANVO FINE CHEMICALS GROUP LIMITED;KY;2022;136.481
911.;INNER MONGOLIA SHENGLI CIVIL EXPLOSIVE CO., LTD.;CN;2021;136.450
912.;BIOETON DEUTSCHLAND GMBH;DE;2022;136.337
913.;HIGH RIDGE BRANDS CO.;US;2022;136.000
914.;LOUISIANA INTEGRATED POLYETHYLENE JV LLC;US;2022;136.000
915.;SNF (RUDONG) CHEMICAL CO., LTD.;CN;2020;135.960
916.;DIOKI PETROKIMYA SANAYI ANONIM SIRKETI;TR;2022;135.843
917.;JIANGSU HUIZHI NEW MATERIAL TECHNOLOGY CO., LTD.;CN;2022;135.518
918.;LIMITED LIABILITY COMPANY TH GRASS;RU;2021;135.446
919.;ORGANIC TEA COSMETICS HOLDINGS COMPANY LIMITED;HK;2023;135.164
920.;JIANGXI LESHENG CHEMICAL CO., LTD.;CN;2014;135.075
921.;NIPPON GASES UK LIMITED;GB;2022;135.048
922.;SHANDONG HUABIN CHEMICAL SCIENCE AND TECHNOLOGY CO., LTD.;CN;2016;134.320
923.;JINING BOLA CARBON MATERIALS CO., LTD.;CN;2022;133.700
924.;SUVEN PHARMACEUTICALS LIMITED;IN;2023;133.526
925.;SAUDI HYDROGEN PEROXIDE COMPANY;SA;2021;133.333
926.;ANYANG LONGYU INVESTMENT MANAGEMENT CO., LTD.;CN;2020;133.202
927.;CREATIVE POLYMER SOLUTIONS, LLC;US;2022;133.000
928.;NEIMENGGU QINGHUA JITUAN WUSI TAI ENERGY CHEMICAL CO., LTD.;CN;2014;132.775
929.;N. RANGA RAO & SONS PRIVATE LIMITED;IN;2022;132.770
930.;INNER MONGOLIA SANLIAN JINSHAN CHEMICAL CORPORATION LIMITED;CN;2014;132.198
931.;GLOBAL NEW MATERIAL INTERNATIONAL HOLDINGS LIMITED;KY;2022;132.189
932.;HONEYWELL PERFORMANCE MATERIALS AND TECHNOLOGIES (CHINA) CO., LTD.;CN;2021;132.171
933.;CAPAROL (CHINA) LTD.;CN;2021;132.083
934.;TONGLIAO MINGZHOU CHEMICAL CO., LTD.;CN;2014;131.748
935.;RUNTAI CHEMICAL (TAIXING) CO., LTD.;CN;2022;131.736
936.;HUNTSMAN SOLUTIONS INDIA PRIVATE LIMITED;IN;2022;131.551
937.;KLJ PETROPLAST LIMITED;IN;2022;131.482
938.;PERSAN POLSKA S.A.;PL;2022;131.401
939.;FUJIFILM ELECTRONIC MATERIALS KOREA CO.,LTD;KR;2022;131.298
940.;CAPILOR S.P.A.;IT;2022;131.155
941.;HUBEI WANGLIN NEW MATERIAL TECHNOLOGY CO., LTD.;CN;2022;131.001
942.;HANGZHOU YIBANG RUBBER CO., LTD.;CN;2022;130.501
943.;HAIAN JIAHE CHEMICAL FIBER CO., LTD.;CN;2022;130.375
944.;WUHU RONGHUI CHEMICAL CO.,LTD;CN;2022;130.368
945.;DAQING SAN JU ENERGY PURIFICATION CO., LTD.;CN;2014;129.970
946.;HONEYWELL SINOCHEM LANTIAN NEW MATERIALS CO., LTD.;CN;2022;129.957
947.;FF CHEMICALS B.V.;NL;2022;129.855
948.;SNF FLOPAM INDIA PRIVATE LIMITED;IN;2022;129.782
949.;FUJIAN SANKESHU NEW MATERIALS CO., LTD.;CN;2022;129.219
950.;LOTTE CHEMICAL VIETNAM COMPANY LIMITED;VN;2022;129.167
951.;VALTRIS SPECIALTY CHEMICAL;US;2022;129.000
952.;UBON BIO ETHANOL PUBLIC COMPANY LIMITED;TH;2020;128.496
953.;ZHEJIANG ZHONGLI SYNTHETIC MATERIAL TECHNOLOGY CO., LTD.;CN;2022;128.474
954.;GRANDIT CO.,LTD.;CN;2023;128.431
955.;BLUEMOON (KUNSHAN) INDUSTRIAL CO., LTD.;CN;2022;127.979
956.;ASAHI KASEI PLASTICS MEXICO SA DE CV;MX;2022;127.500
957.;TURPAZ INDUSTRIES  LTD;IL;2023;127.355
958.;UMICORE CATALYST (CHINA) CO., LTD.;CN;2021;127.344
959.;TANGSHAN DIMU CHEMICAL CO., LTD.;CN;2022;127.325
960.;JIANGSU DARE FILTER MATERIAL CO., LTD.;CN;2022;127.126
961.;INTEGRITY DELAWARE LLC;US;2018;127.000
962.;PTI ROYSTON, LLC;US;2022;127.000
963.;HIMS, INC.;US;2022;127.000
964.;AIR PRODUCTS (HANGJIN BANNER) LIMITED;CN;2021;126.672
965.;ANHUI YINONG CHEMICAL CO., LTD.;CN;2022;126.565
966.;OBSHCHESTVO S OGRANICHENNOI OTVETSTVENNOST'YU UL'TRAKHEM;BY;2023;126.491
967.;KUNMING YUNNENG CHEMICAL CO., LTD.;CN;2021;126.474
968.;PEMEX FERTILIZANTES SA DE CV;MX;2022;125.500
969.;CHANGCHUN CHEMICAL (PANJIN) CO., LTD.;CN;2019;125.469
970.;AIR PRODUCTS AND CHEMICALS (XI'AN) CO., LTD.;CN;2020;125.393
971.;ZIBO ZHENGDA POLYURETHANE CO., LTD.;CN;2022;125.244
972.;HEBEI LANSHENG BIOTECH CO., LTD.;CN;2021;124.933
973.;ITALGEL S.P.A.;IT;2022;124.644
974.;ASIAN PAINTS PPG PRIVATE LIMITED;IN;2022;124.279
975.;KUNMING BAOZHUO CHEMICAL CO., LTD.;CN;2022;124.217
976.;TOYO VISUAL SOLUSIONS CO.,LTD.;JP;2022;124.131
977.;VALTRIS ADVANCED ORGANICS LIMITED;GB;2022;124.025
978.;SK PRIMACOR EUROPE SLU;ES;2022;123.993
979.;ALAR ZHONGTAI TEXTILE TECHNOLOGY CO., LTD.;CN;2017;123.967
980.;INNER MONGOLIA NANLONG CHEMICAL CO., LTD.;CN;2020;123.843
981.;GLOBAL AMINES GERMANY GMBH;DE;2022;123.814
982.;HEBEI FUYUE CHEMICAL TECHNOLOGY CO., LTD.;CN;2022;123.618
983.;CLARIANT FENGYI FATTY AMINES (LIANYUNGANG) CO., LTD.;CN;2022;123.347
984.;WUHAN OXIRANCHEM CO., LTD.;CN;2021;123.016
985.;HONGWEI (LIANYUNGANG) FINE CHEMICALS CO., LTD.;CN;2016;122.574
986.;BLUE MOON (GUANGZHOU) CO., LTD.;CN;2022;122.190
987.;THE CHEMOURS INDIA PRIVATE LIMITED;IN;2022;121.971
988.;ALLNEX NORWAY AS;NO;2022;121.443
989.;GS CALTEX CZECH, S.R.O.;CZ;2023;121.228
990.;INNER MONGOLIA BROTHER CHEMICAL CO., LTD.;CN;2021;121.211
991.;ANHUI TONGXIN NEW MATERIAL TECHNOLOGY CO., LTD.;CN;2022;121.198
992.;SOLOMON COLORS, INC.;US;2022;121.000
993.;ZHEJIANG HONGSHENG NEW MATERIAL TECHNOLOGY GROUP CO., LTD.;CN;2022;120.922
994.;CIPLA HEALTH LIMITED;IN;2022;120.911
995.;ZHEJIANG TRANSFAR TIANSONG NEW MATERIALS CO., LTD.;CN;2022;120.877
996.;QINZHOU TIANYI PETROCHEMICAL CO., LTD.;CN;2021;120.817
997.;CARIFLEX INDUSTRIA E COMERCIO DE PRODUTOS PETROQUIMICOS LTDA.;BR;2022;120.757
998.;NANPING YUANLI ACTIVATED CARBON CO., LTD.;CN;2022;120.527
999.;WOODWORK CO LTD;TH;2022;120.442
1000.;MEGA COATINGS CO., LTD.;CN;2022;120.332
1001.;LLC SHANS ENTERPRISE;RU;2023;120.017
1002.;SAUDI ACRYLIC POLYMERS COMPANY;SA;2022;120.000
1003.;AGC AMERICA, INC.;US;2022;120.000
1004.;INEOS COMPOUNDS AYCLIFFE LIMITED;GB;2022;119.716
1005.;SUMMIT SUSTAINABLE INGREDIENTS, LLC;US;2022;119.000
1006.;SICHUAN KELUN-BIOTECH BIOPHARMACEUTICAL CO., LTD.;CN;2022;118.753
1007.;CLEAN TOPCO LIMITED;GB;2023;118.566
1008.;RACHEM (CHINA) CO., LTD.;CN;2021;118.310
1009.;SHANDONG SUNNY WEALTH NEW MATERIALS CO., LTD.;CN;2022;118.246
1010.;THE STARCO GROUP INC;US;2022;118.000
1011.;CUPOSIT ELECTRONIC MATERIALS ZHANGJIAGANG COMPANY LIMITED;CN;2022;117.662
1012.;PREFERE RESINS FINLAND OY;FI;2022;117.651
1013.;ZHEJIANG SAI GE ENERGY CO., LTD.;CN;2016;117.624
1014.;SICHUAN RUNER TECHNOLOGY CO., LTD.;CN;2021;117.435
1015.;AXALTA COATING SYSTEMS BELGIUM;BE;2022;117.318
1016.;JINYOUNG (XIAMEN) ADVANCED MATERIALS TECHNOLOGY CO., LTD.;CN;2022;117.216
1017.;ZHEJIANG MEIDU HITRANS LITHIUM BATTERY TECHNOLOGY CO., LTD.;CN;2018;117.192
1018.;BASF PHILIPPINES, INC.;PH;2022;117.183
1019.;HUGESEN POLYMER USA LP;US;2022;117.000
1020.;BLUE CUBE BRASIL COMERCIO DE PRODUTOS QUIMICOS LTDA;BR;2022;116.923
1021.;INNER MONGOLIA ANDELI CHEMICAL CO., LTD.;CN;2022;116.901
1022.;SHANDONG CHENYAO CHEMICAL TECHNOLOGY CO., LTD.;CN;2018;116.893
1023.;SICHUAN ZHIYUAN LITHIUM INDUSTRIES, INC.;CN;2020;116.868
1024.;LIAOCHENG FUER NEW MATERIAL TECHNOLOGY CO., LTD.;CN;2022;116.842
1025.;YUNNAN FUSHI TECHNOLOGY CO., LTD.;CN;2022;116.815
1026.;STYROPEK MEXICO;MX;2020;116.251
1027.;PEERLESS PRODUCTS MANUFACTURING CORPORATION;PH;2022;116.118
1028.;JIANGSU JUNDA NEW MATERIALS CO., LTD.;CN;2021;115.955
1029.;JIANGSU LVAN QINGFENG NEW MATERIAL CO., LTD.;CN;2022;115.842
1030.;SHENMU GUORONG FINE CHEMICAL CO., LTD.;CN;2022;115.696
1031.;NINGXIA BELLETT CHEMICAL CO., LTD.;CN;2022;115.608
1032.;XIAMEN XIANGYU XINGHONG SPECIAL MATERIAL CO., LTD.;CN;2021;114.299
1033.;FEMSSA BIOFARM;MX;2022;114.233
1034.;AUSTROTHERM DAEMMSTOFFE GMBH;DE;2022;114.103
1035.;DR. SCHNEIDER AUTOMOTIVE SYSTEMS, INC.;US;2022;114.000
1036.;AEROJET FINE CHEMICALS;US;2022;114.000
1037.;GEO SPECIALTY CHEMICALS UK LIMITED;GB;2022;113.532
1038.;JIANGSU JAOUR HOT MELT ADHESIVE CO., LTD.;CN;2022;113.527
1039.;POLISAN HELLAS COMMERCIAL & INDUSTRIAL SINGLE SHAREHOLDER S.A. OF PET RESIN & PREFORMS PRODUCTION;GR;2022;113.255
1040.;DEEP MATERIAL TECHNOLOGY (SHENZHEN) CO., LTD.;CN;2019;113.246
1041.;DONGYING CITY KERDE CHEMICAL COMPANY LIMITED;CN;2020;113.209
1042.;WEIFANG BANGHUA CHEMICAL CO., LTD.;CN;2022;113.106
1043.;LUSH COSMETICS;US;2022;113.000
1044.;INDUSTRIAS QUIMICAS DEL OXIDO DE ETILENO SA.;ES;2022;112.748
1045.;KEM ONE HERNANI SL.;ES;2022;112.736
1046.;ANNORA PHARMA PRIVATE LIMITED;IN;2022;112.110
1047.;SUMITOMO RUBBER USA LLC;US;2022;112.000
1048.;GREENAMERICA BIOFUELS LLC;US;2022;112.000
1049.;PHARMASGP HOLDING SE;DE;2023;111.905
1050.;SK TRI CHEM CO.,LTD;KR;2023;111.797
1051.;QINGDAO GON COMPOSITE MATERIAL CO., LTD.;CN;2022;111.786
1052.;FUJIAN ENSTONE NEW MATERIAL TECHNOLOGY CO., LTD.;CN;2021;111.659
1053.;JISHEN CHEMICAL INDUSTRY CO., LTD.;CN;2015;111.642
1054.;FUJIAN ZHONGSHAN CHEMICAL CO., LTD.;CN;2022;111.378
1055.;COLORS & EFFECTS KOREA LTD;KR;2023;111.373
1056.;CONG TY CO PHAN SAN XUAT VA THUONG MAI NHUA VIET THANH;VN;2023;111.313
1057.;THE FOUNDERS INC;KR;2023;111.088
1058.;JIANGXI SHILEI FLUORINE MATERIAL CO., LTD.;CN;2022;111.018
1059.;ANQING TAIHENG CHEMICAL TECHNOLOGY CO., LTD.;CN;2022;110.982
1060.;ETERNAL SPECIALTY MATERIALS (SUZHOU) CO., LTD.;CN;2022;110.806
1061.;KANSAI HELIOS SERVICES GERMANY GMBH;DE;2022;110.728
1062.;ASAHI AGRIA CO., LTD.;JP;2022;110.683
1063.;AXALTA COATING SYSTEMS INDIA PRIVATE LIMITED;IN;2022;110.644
1064.;SHANXI HANGYANG QIANDING GAS CO., LTD.;CN;2022;110.567
1065.;OPERADORA FERACID;MX;2022;110.213
1066.;SUMIKA ELECTRONIC MATERIALS TECHNOLOGY (CHANGZHOU) CO., LTD.;CN;2022;109.581
1067.;GUANGDONG TOD NEW MATERIAL CO., LTD.;CN;2022;109.549
1068.;SOULBRAIN (XI'AN) ELECTRONIC MATERIALS CO., LTD.;CN;2022;109.163
1069.;SHANDONG WANFUDA CHEMICAL INDUSTRY CO., LTD.;CN;2016;108.962
1070.;PAN ASIA DATA HOLDINGS INC.;KY;2022;108.868
1071.;HALAVET GIDA SANAYI VE TICARET ANONIM SIRKET;TR;2022;108.708
1072.;SHANDONG HENGZHENG NEW MATERIAL CO., LTD.;CN;2022;108.650
1073.;CHONGQING PRET NEW MATERIALS CO., LTD.;CN;2022;108.634
1074.;SOLENIS UK INDUSTRIES LIMITED;GB;2022;108.395
1075.;SHANDONG KAITAI PETROCHEMICAL ACRYLIC ACID LTD.;CN;2016;108.386
1076.;MATER-BIOTECH S.P.A.;IT;2022;107.627
1077.;ANHUI RUNYUE TECHNOLOGY CO., LTD.;CN;2022;107.582
1078.;QUJING LINTIE TECHNOLOGY CO., LTD.;CN;2021;107.496
1079.;RAVAGO HELLAS SINGLE MEMBER INDUSTRIAL AND COMMERCIAL SOCIETE ANONYME OF BUILDING AND INSULATION PRODUCTS;GR;2022;107.432
1080.;CHANGZHOU AOZHI POLYMER GROUP CO., LTD;CN;2023;107.404
1081.;FUJIAN MR FIBER JOINT CO.,LTD.;CN;2023;107.394
1082.;INNER MONGOLIA JOIN DREAM FINE CHEMICALS CO., LTD.;CN;2022;107.306
1083.;HEBEI YUANDA ZHONGZHENG BIO-TECH CO., LTD.;CN;2022;107.098
1084.;BPI PACKAGING, LLC;US;2022;107.000
1085.;SILA NANOTECHNOLOGIES, INC.;US;2022;107.000
1086.;APS GRUPA LLC;US;2022;107.000
1087.;CREATIVE LIQUID COATINGS INC;US;2022;107.000
1088.;GUANGXI CHESIR PEARL MATERIAL CO.,LTD.;CN;2021;105.607
1089.;CAIKE HUAYING CHEMICAL CO., LTD.;CN;2022;104.352
1090.;YANGQUAN COAL SHOUYANG CHEMICAL GROUP CO., LTD.;CN;2022;103.190
1091.;SICIT GROUP S.P.A.;IT;2022;102.592
1092.;CELANESE POLYMER PRODUCTS NETHERLANDS B.V.;NL;2022;102.097
1093.;INNER MONGOLIA HENGXING CHEMICAL CO., LTD.;CN;2022;100.281
1094.;ARQ INC;US;2023;99.183
1095.;INFRAAIR HOLDINGS CO.,LTD;KR;2023;98.276
1096.;ZHEJIANG BENLI TECHNOLOGY CO.,LTD.;CN;2023;97.977
1097.;SHANDONG TSAKER NEW MATERIAL CO., LTD.;CN;2022;97.192
1098.;AKTSIONERNOE OBSHTESTVO DEHQONOBOD KALIY ZAVODI;UZ;2022;96.055
1099.;SPEED LNFOTECH (BEIHAI) COMPANY LIMITED;CN;2023;95.286
1100.;ECO BIOCHEMICAL TECHNOLOGY (ZHANGJIAGANG) COMPANY LIMITED;CN;2021;91.811
1101.;LAKE MATERIALS CO.,LTD.;KR;2023;91.352
1102.;SHANDONG YUANBANG NEW MATERIALS CO., LTD;CN;2023;91.252
1103.;ISU SPECIALTY CHEMICAL CO.,LTD.;KR;2023;91.150
1104.;NINGBO LINDE-ZRCC GASES CO., LTD.;CN;2021;91.137
1105.;VYNOVA RUNCORN LIMITED;GB;2022;90.746
1106.;QINGHAI DONGTAI GENERIC LITHIUM RESOURCES CO., LTD.;CN;2018;89.285
1107.;INNER MONGOLIA XINGYANG TECHNOLOGY CO., LTD.;CN;2023;88.045
1108.;NANNING HARWORLD BIOLOGICAL TECHNOLOGY CORPORATION;CN;2022;87.667
1109.;GUANGDONG POLYACER SUPPLY CHAIN CO.LTD.;CN;2022;87.297
1110.;CHUNBO ADVANCED MATERIALS CO., LTD;KR;2023;86.997
1111.;PRIMOTEC GROUP LTD;IL;2023;86.010
1112.;AIR PRODUCTS AND CHEMICALS (YULIN) CO., LTD.;CN;2016;85.522
1113.;SHANDONG GENYUAN NEW MATERIALS CO., LTD.;CN;2022;84.411
1114.;XINJIANG TIANZHI CHENYE CHEMICAL CO., LTD.;CN;2014;82.833
1115.;JIANGSU RUIHENG NEW MATERIAL TECHNOLOGY CO., LTD.;CN;2020;82.532
1116.;JIANGSU TAIJI MATERIAL TECHNOLOGY CO., LTD.;CN;2022;82.408
1117.;JIANGSU JIATONG ENERGY CO., LTD.;CN;2021;81.561
1118.;MANYO FACTORY CO., LTD.;KR;2023;81.434
1119.;CHONGQING CHANGSHOU JIEYUAN CHEMICAL CO., LTD.;CN;2016;80.036
1120.;EPC;BE;2023;79.414
1121.;SINOCHEM HIGH PERFORMANCE FIBER MATERIALS CO., LTD.;CN;2022;79.239
1122.;YUNNAN YUNTIANHUA INTERNATIONAL CHEMICAL CO., LTD.;CN;2018;79.050
1123.;FAIRCHEM ORGANICS LIMITED;IN;2022;78.881
1124.;LINDE HUAYI (CHONGQING) GASES CO., LTD.;CN;2021;78.202
1125.;PENGERANG GAS SOLUTIONS SDN. BHD.;MY;2022;78.073
1126.;AETHER INDUSTRIES LIMITED;IN;2023;76.449
1127.;ECOMBINE ADVANCED MATERIALS CO., LTD.;CN;2022;76.071
1128.;INNER MONGOLIA YONGTAI CHEMICAL CO., LTD.;CN;2022;75.903
1129.;SHANDONG CHENGTAI NEW MATERIAL CO., LTD.;CN;2021;74.989
1130.;SHENHONG GROUP INCORPORATED CORPORATION;CN;2014;74.963
1131.;DONGGUAN ZHENGJIA NEW MATERIAL CO., LTD.;CN;2020;74.284
1132.;TIDEWATER RENEWABLES LTD.;CA;2023;73.676
1133.;SHUNYI YICHANG CHEMICAL CO., LTD.;CN;2022;72.292
1134.;PRECIOUS DRAGON TECHNOLOGY HOLDINGS LIMITED;KY;2023;72.165
1135.;WUHAI BAOHUA WANCHEN COAL CHEMICAL CO., LTD.;CN;2020;72.156
1136.;CONG TY CO PHAN PHOT PHO APATIT VIET NAM;VN;2023;71.676
1137.;ZHONGWEI SHENG FENG ORGANISM SCIENCE AND TECHNOLOGY CO., LTD.;CN;2019;71.561
1138.;AARTI SURFACTANTS LIMITED;IN;2023;70.764
1139.;JIUJIANG SHANSHUI TECHNOLOGY CO.,LTD.;CN;2023;69.387
1140.;DATANG NANJING ENVIRONMENTAL PROTECTION TECHNOLOGY CO., LTD.;CN;2022;69.271
1141.;GREEN OLEO S.P.A. SOCIETA' BENEFIT;IT;2023;69.153
1142.;ASHLAND SPECIALTIES UK LIMITED;GB;2022;69.108
1143.;NANO CO.,LTD.;KR;2023;68.308
1144.;GUANGXI LVYOUNONG BIOLOGICAL TECHNOLOGY CO.LTD.;CN;2022;67.389
1145.;GUANGXI CHANGKE NEW MATERIALS CO., LTD.;CN;2021;67.140
1146.;PROSPEROUS FUTURE HOLDINGS LIMITED;KY;2023;66.495
1147.;GULF RESOURCES, INC.;US;2022;66.094
1148.;AKRIL SALAVAT;RU;2023;65.615
1149.;DHARMAJ CROP GUARD LIMITED;IN;2022;65.100
1150.;RECKITT BENCKISER OF PAKISTAN LTD;PK;2003;64.896
1151.;GUANGDONG MODERN HIGH-TECH FIBER CO.,LTD;CN;2023;64.091
1152.;MANAC CHEMICAL PARTNERS CO.,LTD;JP;2023;64.040
1153.;NOUSBO CO.,LTD.;KR;2023;63.717
1154.;BEAUTY SKIN CO.,LTD.;KR;2023;62.745
1155.;XING'AN LEAGUE BOYUAN CHEMICAL CO., LTD.;CN;2019;62.431
1156.;GUANGXI HUABAO FIBER PRODUCTS CO., LTD.;CN;2021;62.276
1157.;ROCHE DIAGNOSTICS (SUZHOU) LIMITED;CN;2021;61.940
1158.;ASKCOMPANY CO.,LTD;KR;2023;61.365
1159.;GUANGDONG RUIZHI ENVIRONMENTAL PROTECTION TECHNOLOGY CO., LTD;CN;2022;60.434
1160.;CPM GROUP LIMITED;KY;2023;60.348
1161.;HEBEI CHENYANG SHUIXING COATING CO., LTD.;CN;2021;60.145
1162.;LIANYUNGANG SODA ASH CO., LTD.;CN;2022;59.084
1163.;JIAYUGUAN DAYOU JIANENG FINE CARBON TECHNOLOGY CO., LTD;CN;2022;58.684
1164.;TANGSHAN RUIDA INDUSTRIAL CO., LTD.;CN;2022;57.953
1165.;CN ENERGY GROUP. INC.;VG;2023;57.899
1166.;LIUZHOU DONGFENG CHEMICAL CO., LTD.;CN;2022;57.536
1167.;SHENZHEN FEISHUIDI ENVIRONMENTAL PROTECTION TECHNOLOGY CO., LTD.;CN;2018;56.669
1168.;BONNE CO.,LTD.;KR;2023;56.546
1169.;ANHUI BBCA BIOCHEMICAL CO., LTD.;CN;2020;56.514
1170.;SELIC CORP PCL;TH;2023;55.640
1171.;NORTH SPECIAL ENERGY GROUP CO., LTD. XI'AN KINGHO COMPANY;CN;2017;55.504
1172.;YUNNAN YUNTIANHUA GUFENYOUXIANGONGSI CHONGQING BRANCH;CN;2014;54.690
1173.;LANZHOU ADDITIVE FACTORY CO., LTD;CN;2022;53.313
1174.;GGC KTIS BIOINDUSTRIAL COMPANY LIMITED;TH;2023;50.463
1175.;HUBEI GURUN TECHNOLOGY CO., LTD;CN;2023;50.268
1176.;AL FORSAN GLOBAL INDUSTRIAL COMPLEX COMPANY;SA;2018;50.000
1177.;ULBA-TVS;KZ;2022;49.559
1178.;SINOPEC NINGBO ZHENHAI REFINING & CHEMICAL CO., LTD.;CN;2021;49.191
1179.;GUIZHOU PANJIANG CHEMICAL (GROUP) CO., LTD.;CN;2020;48.570
1180.;CENTRAL GLOBAL BERHAD;MY;2023;47.642
1181.;BAODING SWAN NEW TYPE FIBER MANUFACTURING CO., LTD.;CN;2021;47.341
1182.;YONGYUE SCIENCE & TECHNOLOGY CO.,LTD.;CN;2023;47.164
1183.;SSI DIAGNOSTICA A/S;DK;2022;45.333
1184.;MBB PRODUCTION MEXICO SRL;MX;2022;44.500
1185.;JORF FERTILIZERS COMPANY II;MA;2016;44.079
1186.;OTKRYTOE AKTSIONERNOE OBSHCHESTVO VITEBSKIY OBLAGROSERVIS;BY;2023;43.761
1187.;BEIJING GAOXINLIHUA TECHNOLOGY CO.,LTD;CN;2023;42.183
1188.;SHANDONG GUANSEN POLYMERS MATERIALS SCIENCE AND TECHNOLOGY INC.;CN;2022;41.383
1189.;HUNAN LIU HUA GUI CHENG CHEMICAL CO., LTD.;CN;2015;40.501
1190.;PANJIN READ CHEMICAL CO., LTD.;CN;2022;40.035
1191.;HUNAN C.Y. INDUSTRIAL NEW MATERIAL CORP.,LTD;CN;2022;37.010
1192.;CHEMTROS CO.,LTD.;KR;2023;36.811
1193.;DATONG XINGYU FIBER CO., LTD.;CN;2008;36.727
1194.;YICHANG HENGYOU CHEMICAL CO.,LTD;CN;2022;36.121
1195.;UMICORE BATTERY MATERIALS POLAND SP. Z O.O.;PL;2022;35.525
1196.;FUJIAN MEIDE PETROCHEMICAL CO., LTD.;CN;2020;34.954
1197.;SERUM INSTITUTE LIFE SCIENCES PRIVATE LIMITED;IN;2022;34.908
1198.;INEOS OLEFINS BELGIUM;BE;2022;33.762
1199.;JI-TECH CO., LTD.;KR;2023;33.630
1200.;NFC CORPORATION;KR;2023;33.247
1201.;GACL-NALCO ALKALIES & CHEMICALS PRIVATE LIMITED;IN;2022;33.144
1202.;CHINA TEXTILE ACADEMY GREEN FIBRE CO., LTD.;CN;2020;33.141
1203.;YI SHIN TEXTILE INDUSTRIAL CO., LTD.;TW;2023;32.462
1204.;LUO LIH-FEN HOLDING CO., LTD.;KY;2023;32.195
1205.;HONGCHENG ENVIRONMENTAL TECHNOLOGY COMPANY LIMITED;KY;2022;32.144
1206.;SEWHA P&C INC.;KR;2023;31.966
1207.;JIANGSU PURESTAR EP TECHNOLOGY CO.,LTD.;CN;2022;31.729
1208.;TS TRILLION CO.,LTD.;KR;2023;31.010
1209.;SHANDONG HONGTAIDING NEW MATERIAL TECHNOLOGY CO., LTD.;CN;2022;30.698
1210.;LIANYOU METALS CO.,LTD.;TW;2023;29.878
1211.;COLORAY INTERNATIONAL INVESTMENT CO LIMITED;HK;2022;29.100
1212.;ORIGIN MATERIALS, INC.;KY;2023;28.805
1213.;HP ADHESIVES LIMITED;IN;2023;28.699
1214.;JIAOZUO THICK BASE CHEMICAL CO.,LTD.;CN;2022;28.640
1215.;ROJUKISS INTERNATIONAL PUBLIC COMPANY LIMITED;TH;2023;28.306
1216.;JIANGSU RUNYU NEW MATERIALS TECHNOLOGY CO., LTD;CN;2022;26.631
1217.;ABCLONAL TECHNOLOGY CO., LTD.;CN;2021;25.706
1218.;JIANGSU OSIC PERFORMANCE MATERIALS CO., LTD;CN;2022;25.580
1219.;ACCENT MICROCELL LIMITED;IN;2022;24.682
1220.;HUIZHOU HUAHONG NEW MATERIAL CO., LTD.;CN;2022;24.499
1221.;SHANGHAI LIANLU INDUSTRIAL CO., LTD.;CN;2023;23.984
1222.;AXIL BRANDS INC;US;2023;23.521
1223.;TECHBOND GROUP BERHAD;MY;2023;23.489
1224.;XINJIANG XINHUIXIA CLEAN ENERGY CO., LTD.;CN;2020;23.256
1225.;SHIDAI SIKANG NEW MATERIALS CO., LTD.;CN;2022;23.235
1226.;KOREA MIRACLE PEOPLE COMPANY LTD.;KR;2023;23.122
1227.;FOSHAN HUAZHONG STONE DECORATION CO., LTD.;CN;2017;23.036
1228.;COSTORY CO.,LTD;KR;2023;22.628
1229.;HENAN TIANGONG TECHNOLOGY CO.,LTD.;CN;2022;22.532
1230.;NINGXIA XINHAOYUAN BIOTECHNOLOGY CO.,LTD.;CN;2023;21.803
1231.;SUZHOU MISIFU COSMETICS CO.,LTD;CN;2023;21.334
1232.;UBI PHARMA INC;TW;2023;21.183
1233.;INNER MONGOLIA DATANG DINGWANG CHEMICAL CO., LTD.;CN;2021;20.060
1234.;ECOCERA OPTRONICS CO., LTD.;TW;2023;19.652
1235.;ION ELECTRONIC MATERIALS CO., LTD.;TW;2023;19.474
1236.;PENGERANG PETROCHEMICAL COMPANY SDN. BHD.;MY;2021;19.243
1237.;INEOS CUMENE GMBH;DE;2022;19.070
1238.;KAKA INDUSTRIES LIMITED;IN;2022;18.773
1239.;TAIWAN SPECIALITY CHEMICALS CORPORATION;TW;2023;18.100
1240.;ZHONG AN XIN TECHNOLOGY CO.,LTD;CN;2018;17.757
1241.;TOYO VENTURES HOLDINGS BERHAD;MY;2023;17.653
1242.;YIBIN TIANYUAN HAIFENG HETAI CO., LTD.;CN;2020;16.709
1243.;NANOPLUS LTD.;KY;2023;16.640
1244.;NINGBO HUIZHIXING NEW MATERIALS TECHNOLOGY CO., LTD;CN;2022;16.550
1245.;TANGSHAN SANYOU NEW MATERIAL CO., LTD.;CN;2022;16.524
1246.;INEOS QUATTRO HOLDINGS UK LIMITED;GB;2022;16.255
1247.;GHANI CHEMICAL INDUSTRIES LTD.;PK;2023;15.678
1248.;HENAN KANGNINGTE ENVIRONMENTAL PROTECTION TECHNOLOGY CO., LTD.;CN;2022;15.139
1249.;NORDMASON CO.,LTD.;KR;2023;15.114
1250.;HENAN SANAISI TRANSPORTATION TECHNOLOGY CO., LTD;CN;2022;14.727
1251.;ORDOS XINHANG ENERGY CO., LTD.;CN;2022;14.639
1252.;JINAN QIUWENBAO NEW MATERIAL CO.LTD;CN;2022;14.535
1253.;SHANDONG NORTH CHUANGXIN WATERPROOF TECHNOLOGY GROUP CO., LTD;CN;2022;14.253
1254.;VITAL CHEMTECH LIMITED;IN;2022;14.219
1255.;GUANGDONG YIHAO NEW MATERIAL TECHNOLOGY CO.,LTD;CN;2022;14.195
1256.;HENAN LONGXING TITANIUM INDUSTRY TECHNOLOGY CO.,LTD.;CN;2022;14.183
1257.;KM PHARMACEUTICAL CO.,LTD.;KR;2023;13.781
1258.;GUANGDONG GUANGSHAN NEW MATERIAL CO., LTD;CN;2021;13.420
1259.;BEW ENGINEERING LIMITED;IN;2022;12.885
1260.;MAHICKRA CHEMICALS LIMITED;IN;2022;12.817
1261.;ECOSYNTHETIX INC.;CA;2023;12.660
1262.;PARAGON FINE AND SPECIALITY CHEMICAL LIMITED;IN;2022;12.615
1263.;ENEOS MOL SYNTHETIC RUBBER PRIVATE COMPANY LIMITED BY SHARES, ENEOS MOL SYNTHETIC RUBBER LTD.;HU;2020;12.587
1264.;YANTAI MINGJU GAS CO.,LTD;CN;2022;12.132
1265.;SINERGI MULTI LESTARINDO TBK PT;ID;2023;12.032
1266.;MULIANG VIAGOO TECHNOLOGY INC;US;2022;11.853
1267.;BINZHOU HAICHUAN BIOTECHNOLOGY CO., LTD.;CN;2023;11.726
1268.;SABAR FLEX INDIA LIMITED;IN;2022;11.589
1269.;DPI HOLDINGS BERHAD;MY;2023;11.218
1270.;PREFERE RESINS HOLDING GMBH;DE;2022;11.027
1271.;JIANGXI KEYUAN BIOPHARM CO.,LTD.;CN;2022;10.001
1272.;THE EGYPTIAN ETHYLENE AND DERIVATIVES COMPANY;EG;2020;10.000
1273.;RUBBER LEAF INC;US;2023;9.990
1274.;JIANGSU BLUE STAR ENVIRONMENTAL PROTECTION NEW MATERIAL CO., LTD.;CN;2022;9.926
1275.;WUHU KUANER NEW MATERIAL TECHNOLOGY CO.,LTD;CN;2022;9.316
1276.;JIANGSU AOSHEN HI-TECH MATERIALS CO.,LTD.;CN;2022;9.058
1277.;HUBEI HUIHUANG SCIENCE AND TECHNOLOGY CO., LTD.;CN;2022;8.956
1278.;POWER FULX CO.,LTD.;KR;2023;8.906
1279.;OPEN JOINT STOCK COMPANY STAVOKSKOE;BY;2023;8.854
1280.;BASF INTEGRATED SITE (GUANGDONG) CO., LTD.;CN;2022;8.820
1281.;ANHUI ZHONGNONG CHEMICAL INTERNATIONAL TRADE CO., LTD.;CN;2020;8.814
1282.;FILMA UTAMA SOAP, PT [FACTORY];ID;2009;8.642
1283.;RONN;US;2004;8.533
1284.;CNT DREAM CO.,LTD.;KR;2023;8.357
1285.;LEMON COMPANY LIMITED;KR;2023;8.126
1286.;SHANXI LU'ANMEIJI CLEAN ENERGY CO., LTD.;CN;2020;8.089
1287.;GUANGZHOU NUTSHELL COSMETICS CO., LTD.;CN;2018;7.746
1288.;RLF AGTECH LTD;AU;2023;7.631
1289.;ARVEE LABORATORIES (INDIA) LIMITED;IN;2022;7.462
1290.;JIANGSU HAICORE TECHNOLOGY JOINT STOCK CO., LTD.;CN;2022;6.832
1291.;KAIFENG KAIHUA GROUP CO.,LTD;CN;2008;6.674
1292.;JIANGSU ZEYUSEN CARBON FIBRE PRODUCTS CO., LTD.;CN;2022;5.990
1293.;SICHUAN SHENGDA CHEMICAL NEW MATERIAL CO., LTD.;CN;2021;5.766
1294.;B&D LIFE HEALTH CO LTD;KR;2021;5.750
1295.;UPM BIOCHEMICALS GMBH;DE;2021;5.710
1296.;JILGYUNGYI CO.,LTD.;KR;2023;5.707
1297.;ANHUI HUAYONG NEW MATERIALS CO.,LTD;CN;2022;5.631
1298.;AURA SMART AIR  LTD;IL;2022;5.570
1299.;PUYANG SHENGTONGJUYUAN NEW MATERIAL CO., LTD.;CN;2022;5.373
1300.;STAR ADHESIVES LIMITED;BD;2023;5.180
1301.;BANKA BIOLOO LIMITED;IN;2022;5.169
1302.;BASF BATTERY MATERIALS FINLAND OY;FI;2022;5.079
1303.;YASONS CHEMEX CARE LIMITED;IN;2022;4.806
1304.;LA SAVONNERIE DE NYONS;FR;2023;4.760
1305.;CHARWOOD ENERGY SA;FR;2023;4.556
1306.;FIRST HELIUM INC.;CA;2022;4.249
1307.;WEIHAI HERBON EPT INC;CN;2022;4.126
1308.;OTKRYTOE AKTSIONERNOE OBSCHESTVO BARKHIM;BY;2023;4.106
1309.;GANSU LVNENG AGRICULTURAL SCIENCE AND TECHNOLOGY CO., LTD.;CN;2022;3.863
1310.;LHYFE SA;FR;2023;3.647
1311.;POSCO-PILBARA LITHIUM SOLUTION CO.,LTD;KR;2023;3.624
1312.;INNER MONGOLIA RZY BIOTECHNOLOGY CO., LTD;CN;2022;3.491
1313.;BD PAINTS LIMITED;BD;2021;3.464
1314.;EVEREST GLOBAL PLC;GB;2023;3.428
1315.;FUJIAN CONNELL POLYURETHANE CO., LTD.;CN;2022;3.376
1316.;CHEMOURS CO FC LLC;US;2017;3.000
1317.;YANGQUAN COAL INDUSTRY GROUP PINGDING CHEMICAL CO., LTD.;CN;2021;2.962
1318.;LIMITED LIABILITY COMPANY IRKUTSK POLYMER PLANT;RU;2023;2.890
1319.;K-TIG LIMITED;AU;2023;2.479
1320.;CHENGDU COLORFUL POLYMER MATERIALS CO.,LTD.;CN;2022;2.440
1321.;CHD CHEMICALS LIMITED;IN;2022;2.326
1322.;FRX INNOVATIONS INC.;CA;2022;2.289
1323.;YARA CLEAN AMMONIA NORGE AS;NO;2022;2.219
1324.;TELESCOPE INNOVATIONS CORP;CA;2023;2.087
1325.;NOSIUM AB;SE;2023;1.949
1326.;JIANGSU SHINE-ALL INDUSTRIAL CO.,LTD;CN;2022;1.899
1327.;PURE BIOSCIENCE, INC.;US;2023;1.877
1328.;HUAYANG GROUP (SHANXI) RESIN MEDICAL MATERIALS CO., LTD.;CN;2022;1.814
1329.;STARLIGHT ENERGY CORPORATION;US;2022;1.710
1330.;INEOS STYROLUTION ADVANCED MATERIALS (NINGBO) PTE. LTD.;CN;2022;1.709
1331.;SUSGLOBAL ENERGY CORP.;US;2020;1.605
1332.;AKTSIONERNOE OBSHESTVO XORAZM KAFOLAT SAVDO;UZ;2022;1.584
1333.;UHT UNITECH COMPANY LTD.;TW;2023;1.445
1334.;CLARIANT PRODUCTS RO SRL;RO;2021;1.243
1335.;SENESTECH, INC.;US;2023;1.193
1336.;GAZPROMNEFT CATALYTIC SYSTEM LIMITED LIABILITY COMPANY;RU;2021;1.123
1337.;SHAANXI QINFENG GASES CO., LTD.;CN;2022;1.121
1338.;SIERRA INTERNATIONAL GROUP, INC.;US;2022;1.070
1339.;COCONUT MASK E.Z COSTEC VIET NAM COMPANY LIMITED;VN;2022;1.051
1340.;ARCTIC BLUE BEVERAGES AB;SE;2022;1.045
1341.;LUX AMBER, CORP.;US;2021;999
1342.;CHANGQING (HUBEI) BIOTECHNOLOGY CO., LTD.;CN;2021;998
1343.;GUANGXI HUAYI NEW MATERIAL CO., LTD.;CN;2021;987
1344.;VANTA BIOSCIENCE LIMITED;IN;2022;839
1345.;INNER MONGOLIA JIUTAI NEW MATERIALS CO., LTD.;CN;2020;776
1346.;NEXT HYDROGEN SOLUTIONS INC.;CA;2023;718
1347.;QITAIHE BOSHENG CLEAN ENERGY CO., LTD.;CN;2020;663
1348.;ZHUHAI JUNHE TECHNOLOGY CO., LTD.;CN;2016;560
1349.;SHANXI CHANSEE ENVIRONMENTAL PROTECTION SCIENCE AND TECHNOLOGY CO.,LTD.;CN;2022;505
1350.;JIANGSU DEBANG XINGHUA CHEMICAL TECHNOLOGY CO., LTD.;CN;2021;496
1351.;MESAIEED PETROCHEMICAL HOLDING COMPANY Q.P.S.C.;QA;2023;475
1352.;BEE VECTORING TECHNOLOGIES INTERNATIONAL INC;CA;2023;445
1353.;AMUR GCC LLC;RU;2023;439
1354.;SVENSKA AEROGEL HOLDING AB;SE;2023;352
1355.;INTERNATIONAL FIBRES GROUP AB;SE;2023;328
1356.;HAINAN HUASHENG NEW MATERIAL TECHNOLOGY CO., LTD.;CN;2020;307
1357.;EUROCHEM NORTH-WEST-2, LIMITED LIABILITY COMPANY;RU;2022;278
1358.;VICOME TECH. (VIETNAM) CO., LTD;VN;2022;264
1359.;N2OFF INC;US;2023;263
1360.;QINGHAI DAMEI COAL INDUSTRY CO., LTD.;CN;2017;228
1361.;FUSION FUEL GREEN PLC;IE;2022;183
1362.;CLEANGO INNOVATIONS, INC.;CA;2023;167
1363.;YUANDONG YIHUA PETROCHEMICAL (YANGZHOU) CO., LTD.;CN;2022;156
1364.;CINIS FERTILIZER AB;SE;2023;139
1365.;TIANCHEN QIXIANG NEW MATERIAL CO., LTD.;CN;2021;108
1366.;LANGFANG QILI TECHNOLOGY CO.,LTD.;CN;2021;76
1367.;ZHUHAI LANBIHAI CLEANING PRODUCTS CO., LTD.;CN;2016;66
1368.;CARBIOS;FR;2023;65
1369.;ATOME PLC;GB;2022;62
1370.;TRIBORON INTERNATIONAL AB;SE;2022;54
1371.;BEIJING ZHONGDANJIANYE NEW ENERGY RESOURCES SCIENCE & TECHNOLOGY CO.,LTD.;CN;2022;38
1372.;CFOAM LIMITED;AU;2023;38
1373.;BOON INDUSTRIES, INC.;US;2022;34
1374.;HUBEI XINYI CHEMICAL CO., LTD.;CN;2022;28
1375.;MAKAMER HOLDINGS INC;US;2021;25
1376.;VERTIKAL GROUP NYRT.;HU;2022;20
1377.;GUIDE WANSENXIN ORGANIC FERTILIZER CO., LTD.;CN;2017;15
1378.;JIANGSU HONGJING NEW MATERIAL CO., LTD.;CN;2022;11
1379.;TALCHER FERTILIZERS LIMITED;IN;2021;8
1380.;KERING BEAUTE SAS;FR;2023;8
1381.;HYDROGRAPH CLEAN POWER INC.;CA;2023;7
1382.;HELIUM EVOLUTION INCORPORATED;CA;2023;5
1383.;SHAANXI YUHUA JIALAN ENVIRONMENTAL PROTECTION TECHNOLOGY CO., LTD.;CN;2019;1
1384.;3SZV ALTERNATIV ENERGETIKAI, MUSZEN-KEMIAI TERMEKGYARTO ES KUTATAS- FEJLESZTESI ZARTKORUEN MUKODO RESZVENYTARSASAG;HU;2022;0
1385.;GFJORD INVEST AS;NO;2022;0
1386.;ALUMIFUEL POWER CORPORATION;US;2015;0
1387.;DUNE ACQUISITION CORP;US;2023;0
1388.;ASTRO D.D.;BA;2008;0
1389.;NEXT-CHEMX CORPORATION;US;2023;0
1390.;MOEHS IBERICA, S.L.;MT;2019;0
1391.;DYNEA INDUSTRIER AS;NO;2023;0
1392.;TORTEC GROUP CORPORATION;US;2021;0
1393.;IMMAGE BIOTHERAPEUTICS CORP.;US;2016;0
1394.;NUR INK INNOVATIONS   LTD;IL;2023;0
1395.;HAMI GUANGHUI ENVIRONMENTAL TECHNOLOGY CO., LTD.;CN;2020;-467
1396.;TUOKETUO XINXING ENVIRONMENTAL PROTECTION MATERIAL CO., LTD.;CN;2020;-497.726
1397.;HENKEL GLOBAL SUPPLY CHAIN B.V.;NL;2021;n.d.
1398.;ISLESTARR HOLDINGS LIMITED;GB;2022;n.d.
1399.;THE CHEMOURS COMPANY MEXICANA;MX;2016;n.d.
1400.;ADVANCED PERFORMANCE MATERIALS PRIVATE LIMITED;IN;2022;n.d.
1401.;XUWEN LONGTIAN NEW ENERGY CO., LTD.;CN;2021;n.d.
1402.;FUDE (CHANGZHOU) ENERGY CHEMICAL DEVELOPMENT CO., LTD.;CN;2021;n.d.
1403.;CHONGQING HEZONG CALCIUM INDUSTRY CO., LTD.;CN;2020;n.d.
1404.;ARGO LIVING SOILS CORP.;CA;2023;n.d.
1405.;SODA ASH BRANCH OF TANGSHAN SANYOU CHEMICAL CO., LTD.;CN;2018;n.d.
1406.;CEGRANI UNTERNEHMERGESELLSCHAFT (HAFTUNGSBESCHRAENKT);DE;2009;n.d.
1407.;CHAMAIYATI DOROI MASAULIYATI MAKHDUDI TENG LONG;TJ;2018;n.d.
1408.;TIANJIN BOHUA CHEMICAL DEVELOPMENT CO., LTD.;CN;2021;n.d.
1409.;UNITED PHOSPHORUS (INDIA) LLP;IN;2022;n.d.
1410.;LINGBAO BAILI BIOTECHNOLOGY CO., LTD.;CN;2017;n.d.
1411.;SIKA ABYSSINIA CHEMICALS MANUFACTURING PLC;ET;2023;n.d.
1412.;EMPRESA RAYONITRO;CU;2022;n.d.
1413.;INNER MONGOLIA BOYUAN YINGEN CHEMICAL CO., LTD.;CN;2021;n.d.
1414.;EXXONMOBIL GUYANA (YARROW PROSPECT) B.V.;NL;2022;n.d.
1415.;LOREAL SLP;MX;2016;n.d.
1416.;CHAMAIYATI DOROI MASAULIYATI MAKHDUDI KORKHONAI MUSHTARAKI TOCHIKISTONU TURKIE SILKOAT BOYYA;TJ;2018;n.d.
1417.;CHAMAIYATI DOROI MASAULIYATI MAKHDUDI BAKHOR KOSMETIK GRUPP;TJ;2018;n.d.
1418.;LIAONING SHENGYOU RUBBER TECHNOLOGY CO., LTD.;CN;2021;n.d.
1419.;ORIENTAL ENERGY (MAOMING) CO., LTD.;CN;2021;n.d.
1420.;GUOWANG HI-TECH FIBER (SUQIAN) CO., LTD.;CN;2021;n.d.
1421.;CHONGQING YUHUA NEW MATERIAL CO., LTD.;CN;2021;n.d.
1422.;HUALU HENGSHENG (JINGZHOU) CO., LTD.;CN;2021;n.d.
1423.;JIANGSU TONGKUN HENGYANG CHEMICAL FIBER CO., LTD.;CN;2021;n.d.
1424.;ANHUI TANXIN TECHNOLOGY CO., LTD.;CN;2021;n.d.
1425.;LIAONING JINFA TECHNOLOGY CO., LTD.;CN;2021;n.d.
1426.;FUJIAN RUISAI GREEN NEW MATERIAL CO., LTD.;CN;2022;n.d.
1427.;EL WADY FOR PHOSPHATE INDUSTRIES AND FERTILIZERS COMPANY;EG;2019;n.d.
1428.;EXPORT TRADING COMPANY INPUTS KENYA LIMITED;KE;2022;n.d.
1429.;YIXIAN SHENGXIANG BIOENERGY CO., LTD.;CN;2021;n.d.
1430.;CHAMAIYATI DOROI MASAULIYATI MAKHDUDI KORKHONAI MUSHTARAKI NAFTRASON;TJ;2018;n.d.
1431.;EURL LA BONITTA PARIS;DZ;2019;n.d.
1432.;WAFA DOUX;DZ;2019;n.d.
1433.;REFAQO AL SHARQ AL AWSAT COMPANY;SA;2023;n.d.
1434.;SAUDI METHACRYLATE COMPANY;SA;2019;n.d.
1435.;GULF ADVANCED CABLE INSULATORS COMPANY FACTORY;SA;2023;n.d.
1436.;SAUDI METALLIC ORGANIC CHEMICALS COMPANY;SA;2019;n.d.
1437.;SAUDI AL BAITAK COMPANY LIMITED;SA;2023;n.d.
1438.;MINTRON ENERGY CORPORATION.;TW;2023;n.d.
1439.;TAIWAN FREE RADICAL P.M. CO., LTD.;TW;2023;n.d.
1440.;COREX MATERIALS CORPORATION;TW;2023;n.d.
1441.;NAN YA SU JIAO JIA YI CHANG;TW;2023;n.d.
1442.;DALIAN HUADING STONE CO., LTD.;CN;2017;n.d.
1443.;ECA LNG HOLDINGS B.V.;NL;2023;n.d.
1444.;XI'AN HENGSHENG FERTILIZER CO., LTD.;CN;2015;n.d.
1445.;AL KHAIR INDUSTRIES FOR NON ORGANIC CHEMICALS COMPANY CJSC;SA;2023;n.d.
1446.;XINGANMENG WULANTAIAN ENENGY CHEMICAL COPORATION LIMITED;CN;2019;n.d.
1447.;BORYSZEW KUNSTSTOFFTECHNIK DEUTSCHLAND GMBH;DE;2011;n.d.
1448.;CONGO OIL AND DERIVATIVES SA;CD;2022;n.d.
1449.;AVIS ATOM THREADS PLC;GB;2022;n.d.
1450.;DEYU COMPOSITE MATERIAL CO., LTD.;TW;2023;n.d.
1451.;GREEN FINE TECHNOLOGY CORP.;TW;2023;n.d.
1452.;MARLBORO BIOTECH NEW DRUG CO., LTD.;TW;2023;n.d.
1453.;OOO ASIA CAUSTIC;UZ;2022;n.d.
1454.;FURUI SOF YOQILG I MCHJ;UZ;2022;n.d.
1455.;ANQING FEIYING SHENGTAI FERTILIZER CO., LTD.;CN;2021;n.d.
1456.;SHAANXI TONGRUI WANDA ENERGY TECHNOLOGY CO., LTD.;CN;2013;n.d.
1457.;CHAMAIYATI DOROI MASAULIYATI MAKHDUD SUGDPAK;TJ;2018;n.d.
1458.;TAICHEM MATERIALS CO., LTD.;TW;2023;n.d.
1459.;TAIWAN  NIPPA  CORPORATION;TW;2023;n.d.
1460.;RESONAC SEMICONDUCTOR MATERIALS (TAIWAN) CO., LTD.;TW;2023;n.d.
1461.;DIVERSEY EUROPE HOLDINGS B.V.;NL;2022;n.d.
1462.;WOODSIDE ENERGY (SENEGAL) B.V.;NL;2022;n.d.
1463.;MANUKA BIOSCIENCE LIMITED;NZ;2017;n.d.
1464.;GUANGDONG ZHONGKE SHUNYE MATERIAL TECHNOLOGY CO., LTD.;CN;2017;n.d.
1465.;EXXONMOBIL GUYANA (BARRELEYE PROSPECT) B.V.;NL;2022;n.d.
1466.;DOW BENELUX B.V.;NL;2019;n.d.
1467.;SABIC PETROCHEMICALS B.V.;NL;2023;n.d.
1468.;AKZO NOBEL DECORATIVE COATINGS B.V.;NL;2020;n.d.
1469.;ARKEMA B.V.;NL;2014;n.d.
1470.;NINGXIA ZHONGNENG HENGLI BIOLOGICAL NEW MATERIAL CO., LTD.;CN;2021;n.d.
1471.;ND PHARMA & BIOTECH LTD;GB;2022;n.d.
1472.;STANDARD PROFIL EGE OTOMOTIV SANAYI VE TICARET A S;TR;2013;n.d.
1473.;H.B.FULLER KIMYA SAN TIC AS;TR;2012;n.d.
1474.;DINGYUAN COUNTY LVWO BIOMASS NEW MATERIAL CO., LTD.;CN;2021;n.d.
1475.;NAVCO PHARMACEUTICALS INC;CA;2023;n.d.
1476.;RED AVENUE RESINS LIMITED;HK;2022;n.d.
1477.;FABINO LIFE SCIENCES LIMITED;IN;2023;n.d.
1478.;ALGERIENNE DU CUIR ET DERIVES ACED;DZ;2018;n.d.
1479.;LILIN CO., LTD.;TW;2023;n.d.
1480.;YUMEI BIOTEC CORPORATION;TW;2023;n.d.
1481.;WE SOLUTIONS TECHNOLOGY CO., LTD;TW;2023;n.d.
1482.;KRATON  FORMOSA  POLYMERS  CORPORATION;TW;2023;n.d.
1483.;YIRI CO., LTD.;TW;2023;n.d.
1484.;GLORYMAKEUP INC.;TW;2023;n.d.
1485.;CONSISTENT ELECTRONIC MATERIALS INC.;TW;2023;n.d.
1486.;OTRAJET INC.;TW;2023;n.d.
1487.;MEGA MASTER TECHNOLOGY CO., LTD;TW;2023;n.d.
1488.;PEIFENG TECHNOLOGY & FERTILIZER CO., LTD.;TW;2023;n.d.
1489.;DA ZHENG ASPHALT CO., LTD.;TW;2023;n.d.
1490.;ACEGREEN ECO-MATERIAL TECHNOLOGY CO., LTD.;TW;2023;n.d.
1491.;MECHEMA TODA CORPORATION;TW;2023;n.d.
1492.;UNITED WAX CO., LTD.;TW;2023;n.d.
1493.;CONSORCIO COMEX;MX;2013;n.d.
1494.;AGRONOMIA DEL BAJIO;MX;2019;n.d.
1495.;UPL AGRO;MX;2019;n.d.
1496.;DISTRIBUIDORA COMERCIAL JAFRA;MX;2019;n.d.
1497.;SUIXI LVWO BIOMASS NEW MATERIAL CO., LTD.;CN;2021;n.d.
1498.;GUO HONG TAO YUAN FEN GONG SI;TW;2023;n.d.
1499.;PROCTER AND GAMBLE EGYPT COMPANY;EG;2016;n.d.
1500.;KAMYOBI FAREL MCHJ QK;UZ;2022;n.d.
1501.;SPA CERAM DIVINDUS;DZ;2018;n.d.
1502.;SPA ALGERIAN CHEMICALS COMPANY;DZ;2019;n.d.
1503.;SPA ACG SIM;DZ;2019;n.d.
1504.;EXXONMOBIL HOLDING COMPANY INTERNATIONAL B.V.;NL;2022;n.d.
1505.;EXXONMOBIL HOLDING COMPANY B.V.;NL;2022;n.d.
1506.;YINING YINJI PAINT CO., LTD.;CN;2020;n.d.
1507.;PTR HOLDINGS LIMITED;NZ;2017;n.d.
1508.;YINCHUAN BINHE HENGYI FIBER NEW MATERIAL CO., LTD.;CN;2017;n.d.
1509.;GUANGZHOU QINGYUN COSMETICS MANUFACTURING CO., LTD.;CN;2014;n.d.
1510.;SHANXI SENHE FERTILIZER INDUSTRY CO., LTD.;CN;2017;n.d.
1511.;SUI CHINA HAO TECHNOLOGY CO., LTD.;CN;2018;n.d.
1512.;PANJIN KEXIN SHUNZE TECHNOLOGY CO., LTD.;CN;2018;n.d.
1513.;SHAANXI FU COUNTY SANMING ENERGY CHEMICAL TECHNOLOGY CO., LTD.;CN;2020;n.d.
1514.;EXXONMOBIL GUYANA (CANJE) B.V.;NL;2022;n.d.
1515.;TONGLIAO JIFENG BUILDING WATERPROOF MATERIAL CO., LTD.;CN;2014;n.d.
1516.;NINGXIA BAOTA METHANOL POLYGENERATION CO., LTD.;CN;2017;n.d.
1517.;SHENHUA WILL RESOURCES COMPREHENSIVE DEVELOPMENT CO., LTD.;CN;2021;n.d.
1518.;SINOPEC GREAT WALL ENERGY AND CHEMICAL (GUIZHOU) CO., LTD.;CN;2020;n.d.
1519.;JIYUAN JIXIANGFENG FERTILIZER CO., LTD.;CN;2018;n.d.
1520.;GUANGDONG RUITONG NEW MATERIAL TECHNOLOGY CO., LTD.;CN;2017;n.d.
1521.;EXXONMOBIL GUYANA (FANGTOOTH PROSPECT) B.V.;NL;2022;n.d.
1522.;EXXONMOBIL AFRICA AND MIDDLE EAST HOLDINGS B.V.;NL;2022;n.d.
1523.;SHANXI BLACK CAT CLEAN ENERGY CO., LTD.;CN;2018;n.d.
1524.;SARL EACIM ALGERIE;DZ;2019;n.d.
1525.;SPA SONATRACH TOTAL ENTREPRISE DE POLYMERES STEP;DZ;2019;n.d.
1526.;PUYANG XIAN HUANENG CHEMICAL CO., LTD.;CN;2020;n.d.
1527.;BASF CONSTRUCTION CHEMICALS UAE LLC;AE;2015;n.d.
1528.;MAPAEX HEALTH AND PERSONALCARE PRIVATE LIMITED;IN;2022;n.d.
1529.;JIANGXIAN JINHAO CLEANING AGENT CO., LTD.;CN;2017;n.d.
1530.;SHANDONG LUYUAN CHEMICAL GROUP CO., LTD;CN;2018;n.d.
1531.;SHANXI XIANG MINE WANG THROUGH COAL CHEMICAL INDUSTRY CO., LTD.;CN;2021;n.d.
1532.;XINJIANG XINTE CRYSTAL SILICON HIGH-TECH CO., LTD.;CN;2019;n.d.
1533.;CHAMAIYATI DOROI MASAULIYATI MAKHDUDI TOCHPLAST-1;TJ;2018;n.d.
1534.;ROEHM HOLDING GMBH;DE;2022;n.d.
1535.;MBCC INVESTMENTS GMBH;DE;2022;n.d.
1536.;FORMOSA TOKUYAMA ADVANCED CHEMICALS CO., LTD.;TW;2023;n.d.
1537.;GREAT BIOMATERIALS CO., LTD;TW;2023;n.d.
1538.;XINJIANG GUOTAI XINHUA CHEMICAL CO., LTD.;CN;2020;n.d.
1539.;BAZHOU DONGCHEN GROUP CO., LTD.;CN;2020;n.d.
1540.;YUNNAN ZHONGNAN ZHANGXING PHOSPHORUS INDUSTRY CO., LTD.;CN;2022;n.d.
1541.;LINYUAN ADVANCED MATERIALS TECHNOLOGY CO., LTD.;TW;2023;n.d.
1542.;VERSUM MATERIALS TAIWAN CO., LTD.;TW;2023;n.d.
1543.;IDEMITSU FORMOSA SPECIALTY CHEMICALS CORPORATION;TW;2023;n.d.
1544.;DITONG ENTERPRISE CO.,LTD;TW;2023;n.d.
1545.;WAFERCHEM TECHNOLOGY CORPORATION;TW;2023;n.d.
1546.;MOLIDA WADAUR AUTONOMOUS BANNER WOFENG BIOMASS NEW MATERIAL CO., LTD.;CN;2018;n.d.
1547.;HEBEI RUNDAZHIBAO AGRICULTURAL CHEMICAL CO.,LTD;CN;2014;n.d.
1548.;MODERNA CHEMICAL SCIENCE TECHNOLOGY MCHJ;UZ;2022;n.d.
1549.;DONG HAN GANG TIE MIAO LI FEN GONG SI;TW;2023;n.d.
1550.;NEPTUNE ENERGY TOUAT HOLDING B.V.;NL;2022;n.d.
1551.;CARBONSCAPE LIMITED;NZ;2017;n.d.
1552.;AL SUHAIMI TRADING AND CONTRACTING;SA;2017;n.d.
1553.;GE POWER - GAS POWER SYSTEMS;SA;2017;n.d.
1554.;FERGANA MAGNIY MCHJ;UZ;2022;n.d.
1555.;HEBI JINCHENG CHEMICAL AUXILIARY CO., LTD.;CN;2018;n.d.
1556.;LIWEI NANO TECH CO., LTD.;TW;2023;n.d.
1557.;MITAKE CORPORATION;TW;2023;n.d.
1558.;RAYNERGY TEK INCORPORATION;TW;2023;n.d.
1559.;SHUANGYASHAN LONGMEI TIANTAI COAL CHEMICAL CO., LTD.;CN;2020;n.d.
1560.;TRIBAL TEA TREE COOPERATIVE LIMITED;NZ;2017;n.d.
1561.;TRI CHEMICAL ELECTRONIC MATERIALS TAIWAN INC.;TW;2023;n.d.
1562.;SHINYUAN INDUSTRY CO., LTD.;TW;2023;n.d.
1563.;YOTTAMETRE INC.;TW;2023;n.d.
1564.;LIYING ENVIRONMENTAL PROTECTION TECHNOLOGY CO., LTD.;TW;2023;n.d.
1565.;GREEN CELLULOSITY CORPORATION;TW;2023;n.d.
1566.;SHIN-ETSU ELECTRONICS MATERIALS TAIWAN CO., LTD.;TW;2023;n.d.
1567.;GLYCOGENETICS, INC.;TW;2023;n.d.
1568.;XINBAO ASSETS CO., LTD.;TW;2023;n.d.
1569.;UNILOYAL MATERIALS CO., LTD.;TW;2023;n.d.
1570.;LUCENS TECHNOLOGY INC.;TW;2023;n.d.
1571.;TSM SMART MATERIALS CO., LTD.;TW;2023;n.d.
1572.;URAL-NERUD;RU;2023;n.d.
1573.;FUJIMI TAIWAN LIMITED;TW;2023;n.d.
1574.;GUO TAI HUA GONG CHANG PING NAN FEN GONG SI;TW;2023;n.d.
1575.;QINGHAI NEW CHEMICAL MATERIALS (GROUP) CO., LTD.;CN;2021;n.d.
1576.;SAMAD AL ORDON FERTILIZERS AND CHEMICALS MANUFACTURING;JO;2023;n.d.
1577.;HEILONGJIANG XINDA POLYMER COMPOSITE MATERIAL CO., LTD.;CN;2021;n.d.
1578.;BAHMAN OIL & GAS CO. WLL;KW;2023;n.d.
1579.;UNITED INDUSTRIAL GASES & ENERGY COMPANY KSCC;KW;2023;n.d.
1580.;YINGSHANG LVWO BIOMASS TECHNOLOGY CO., LTD.;CN;2021;n.d.
1581.;XINJIANG TIANYE HUIHE NEW MATERIALS CO., LTD.;CN;2019;n.d.
1582.;CINICOT PRIVATE LIMITED;IN;2022;n.d.
1583.;PUYANG ZHIBANG CHEMICAL CO., LTD.;CN;2017;n.d.
1584.;BRIJ AGROCHEM INDUSTRIES PRIVATE LIMITED;IN;2022;n.d.
1585.;PASSION DEAL INTERNATIONAL (HONG KONG) LIMITED;HK;2023;n.d.
1586.;TETANTI AGRIBIOTECH INC.;TW;2023;n.d.
1587.;EXPLORATION & DEVELOPMENT RESEARCH INSTITUTE CPC CORPORATION;TW;2023;n.d.
1588.;MITSUI ICT FUNCTIONAL SHEET, INC.;TW;2023;n.d.
1589.;ALBCURA CORPORATION;TW;2023;n.d.
1590.;CORTEVA AGRISCIENCE TAIWAN CO., LTD.;TW;2023;n.d.
1591.;SAR TECHNOLOGY INC.;TW;2023;n.d.
1592.;TAIWAN FERTILIZER CO., LTD. MIAOLI FACTORY;TW;2023;n.d.
1593.;XIANYANG HUABIN CHEMICAL MATERIAL CO., LTD.;CN;2021;n.d.
1594.;TANGSHAN JIN DAO QISHI INDUSTRIAL CO., LTD.;CN;2022;n.d.
1595.;YANGMEI GROUP SHENZHOU CHEMICAL CO., LTD.;CN;2015;n.d.
1596.;HULUNBEIER BIAODI ORGANIC FERTILIZER INDUSTRY CO., LTD.;CN;2019;n.d.
1597.;ZIBO BAISHAN GLAZE PROCESSING FACTORY;CN;2018;n.d.
1598.;SINAV LIMITED;GB;2022;n.d.
1599.;AIR PRODUCTS AND CHEMICALS (HOHHOT) CO., LTD.;CN;2020;n.d.
1600.;MOSTAFA METAL INDUSTRIES LTD;BD;;n.d.
1601.;RWE EEMSHAVEN MAGNUM B.V.;NL;2022;n.d.
1602.;EAST AFRICAN LION BRANDS MANUFACTURING S C;ET;2022;n.d.
1603.;POSCO LITHIUM SOLUTION CO.,LTD;KR;2023;n.d.
1604.;RITE ZONE CHEMCON INDIA LIMITED;IN;2023;n.d.
1605.;SOCIETE AFRICAINE DE RAFFINAGE EN COTE D'IVOIRE SA;CI;2023;n.d.
1606.;ASIAN PAINTS (POLYMERS) PRIVATE LIMITED;IN;2022;n.d.
1607.;EASTMAN CHEMICAL AP HOLDINGS B.V.;NL;2022;n.d.
1608.;EXXONMOBIL ARGENTINA INVESTMENTS B.V.;NL;2022;n.d.
1609.;EXXONMOBIL ARGENTINA UPSTREAM B.V.;NL;2022;n.d.
1610.;LANXESS MANUFACTURING NETHERLANDS B.V.;NL;2022;n.d.
1611.;EXXONMOBIL GUYANA REGION B.V.;NL;2022;n.d.
1612.;EXXONMOBIL DEVELOPMENT AFRICA B.V.;NL;2022;n.d.
1613.;VERDE AGRITECH LTD.;SG;2023;n.d.
1614.;INDO SAKURA INDAH;ID;2022;n.d.
1615.;GLOBAL ECO CHEMICALS INDONESIA;ID;2022;n.d.
1616.;PT AVIENT COLORANTS INDONESIA;ID;2022;n.d.
1617.;PT GARUDA PRIMA SENTOSA;ID;2022;n.d.
1618.;PT ECOOILS JAYA INDONESIA;ID;2022;n.d.
1619.;PT APICAL KAO CHEMICALS;ID;2022;n.d.
1620.;ARIA PERSADA INDONESIA;ID;2022;n.d.
1621.;PT SINARMAS BIO ENERGY;ID;2022;n.d.
1622.;PT SARI DUMAI OLEO;ID;2022;n.d.
1623.;PT DINUO INDONESIA;ID;2022;n.d.
1624.;PT KAHAYAN BERSERI;ID;2022;n.d.
1625.;PT INDORAMA POLYCHEM INDONESIA;ID;2022;n.d.
1626.;PT JAFA PALMA INDONESIA;ID;2022;n.d.
1627.;PT SEMERU SURYA SEMEN;ID;2022;n.d.
1628.;PT DAUX COSMETIC;ID;2022;n.d.
1629.;PT LOTTE CHEMICAL INDONESIA;ID;2022;n.d.
1630.;PT CATALER INDONESIA;ID;2022;n.d.
1631.;PT QMB NEW ENERGY MATERIALS;ID;2022;n.d.
1632.;PT INDONESIA PUQING RECYCLING TECHNOLOGY;ID;2022;n.d.
1633.;PT CHENGTOK LITHIUM INDONESIA;ID;2022;n.d.
1634.;PT LINTAS LIMA LESTARI LAKSANA;ID;2022;n.d.
1635.;PT RHINO INDUSTRY INDONESIA;ID;2022;n.d.
1636.;PT CHANDRA ASRI PERKASA;ID;2022;n.d.
1637.;LIMITED LIABILITY COMPANY KRYOMASHGAS-VENEV;RU;2023;n.d.
1638.;PT SAPROTAN UTAMA NUSANTARA;ID;2022;n.d.
1639.;PT ENCHEM ELYTE INDONESIA;ID;2022;n.d.
1640.;HYOSUNG SPANDEX (NINGXIA) CO., LTD.;CN;2021;n.d.
1641.;PT NAVITASYS TECHNOLOGY INDONESIA;ID;2022;n.d.
1642.;ALLNEX HOLDING GMBH;DE;2022;n.d.
1643.;DUPONT PERFORMANCE SOLUTIONS NETHERLANDS B.V.;NL;2021;n.d.
1644.;HUSK CBF PTE. LTD.;SG;2024;n.d.
1645.;PT PUPUK INDONESIA UTILITAS;ID;2022;n.d.
1646.;PT KIMIA FARMA SUNGWUN PHARMACOPIA;ID;2022;n.d.
1647.;PT YOUSHAN NICKEL INDONESIA;ID;2022;n.d.
1648.;HAI CLOUD EXCHANGE HK LIMITED;HK;2022;n.d.
1649.;PT ALL COSMOS BIOTEK;ID;2022;n.d.
1650.;PT RIBRASCO GLOBALINDO TRADING;ID;2022;n.d.