Unnamed: 0,Company,Codice ISO paese,Ultimo anno disp.,"Totale valore della produzione
migl USD"
28.0,BOROUGE PLC,AE,2023.0,5791345.0
64.0,FERTIGLOBE PLC,AE,2023.0,2419500.0
158.0,TIGRIS GOLD REFINERY (FZE),AE,2020.0,971986.396909174
4663.0,NATURELLE LLC,AE,2020.0,132476.513026953
5440.0,NATIONAL PAINTS FACTORIES CO. LTD.,AE,2021.0,100000.0
1417.0,FABRICA DE DETERGENTE,AO,2023.0,500000.0
292.0,FABRICA DE DETERGENTE,AO,2023.0,500000.0
1912.0,CELULOSA ARGENTINA S.A.,AR,2023.0,364807.113549588
2359.0,PROFERTIL S.A.,AR,2023.0,289297.965129372
4083.0,DISAL S.A.,AR,2023.0,156605.87040136
4718.0,RED SURCOS S.A.,AR,2023.0,130298.735766587
5390.0,AGROFINA S.A.,AR,2023.0,106083.965702668
273.0,LENZING AG,AT,2023.0,2905952.40415573
679.0,LAT NITROGEN LINZ GMBH,AT,2022.0,1066273.39489827
797.0,JUNGBUNZLAUER AUSTRIA AG,AT,2022.0,890028.26075324
1062.0,DONAU CHEMIE AKTIENGESELLSCHAFT,AT,2023.0,675638.782745867
1751.0,WERNER & MERTZ GMBH & CO KG,AT,2022.0,397145.721195316
157.0,ORICA LIMITED,AU,2023.0,5147348.85591269
204.0,INCITEC PIVOT LIMITED,AU,2023.0,3910706.44650459
328.0,DULUXGROUP LIMITED,AU,2022.0,2343367.10815966
343.0,NUFARM LTD,AU,2023.0,2251032.75071979
407.0,QGC TRAIN 2 TOLLING NO.2 PTY LTD,AU,2023.0,1882402.0
3515.0,SSL D.O.O. LUKAVAC,BA,2022.0,187558.524200797
6071.0,UNIS GINEX D.D. GORAZDE,BA,2022.0,33741.5236644745
6467.0,HEMIJSKA INDUSTRIJA DESTILACIJA A.D.,BA,2023.0,9972.41832315922
6615.0,TEHNOGAS - TRN A.D.,BA,2023.0,4623.21110069752
6688.0,TEHNOGAS - KAKMUZ A.D.,BA,2023.0,2586.46711707115
2628.0,BERGER PAINTS BANGLADESH LIMITED,BD,2022.0,257212.822828318
5388.0,KEYA COSMETICS LTD,BD,2020.0,106172.49927029
5888.0,RECKITT BENCKISER (BANGLADESH) PLC,BD,2022.0,50196.7979330486
5898.0,LINDE BANGLADESH LIMITED,BD,2022.0,49356.3130853465
5924.0,ACI FORMULATIONS LIMITED,BD,2023.0,46795.1610746607
112.0,BASF ANTWERPEN,BE,2023.0,6938219.65878773
253.0,TESSENDERLO GROUP NV,BE,2023.0,3238977.45361328
358.0,ESTEE LAUDER,BE,2023.0,2153610.43194771
369.0,VYNOVA BELGIUM,BE,2022.0,2091267.91509114
453.0,PRAYON,BE,2022.0,1645605.15365839
1049.0,AGROPOLYCHIM,BG,2022.0,684803.959415853
2254.0,SOLVAY SODI,BG,2022.0,305384.746190071
608.0,HIGH PROTEIN,BG,2022.0,211460.983963251
4531.0,FICOSOTA,BG,2022.0,137253.097063243
6265.0,AROMA AD,BG,2023.0,20488.1353611946
2712.0,GULF PETROCHEMICAL INDUSTRIES COMPANY,BH,2021.0,250000.0
206.0,SA SOCIETE BENINOISE DE PEINTURES ET COLORANTS,BJ,2023.0,3893358.78062993
32.0,AXALTA COATING SYSTEMS LTD,BM,2023.0,5184100.0
936.0,CHINNEY ALLIANCE GROUP LIMITED,BM,2023.0,766302.762421131
1508.0,WONG'S KONG KING INTERNATIONAL (HOLDINGS) LIMITED,BM,2023.0,467573.668559074
425.0,TEAM TANKERS INTERNATIONAL LTD.,BM,2019.0,325603.0
3996.0,CHIA TAI ENTERPRISES INTERNATIONAL LIMITED,BM,2022.0,160838.0
5791.0,"TIGRE S.A. TUBOS, CONEXIONES Y CABLES",BO,2022.0,59809.9844319969
47.0,BRASKEM S.A.,BR,2023.0,14943706.7880332
137.0,YARA BRASIL FERTILIZANTES S/A,BR,2022.0,5708289.07321393
29.0,NATURA & CO HOLDING S.A.,BR,2023.0,5572221.484546
255.0,NATURA COSMETICOS S.A.,BR,2023.0,3171079.45285696
372.0,BAYER S.A.,BR,2019.0,2058182.87722066
2615.0,ENGEN BOTSWANA LIMITED,BW,2023.0,258421.956063032
497.0,ENGEN BOTSWANA LIMITED,BW,2023.0,258421.956063032
1068.0,OTKRYTOE AKTSIONERNOE OBSHCHESTVO GRODNO AZOT,BY,2020.0,673221.131264269
1819.0,OTKRYTOE AKTSIONERNOE OBSCHESTVO MOGILEVKHIMVOLOKNO,BY,2023.0,384569.942346513
366.0,OTKRYTOE AKTSIONERNOE OBSCHESTVO MOGILEVKHIMVOLOKNO,BY,2023.0,384569.942346513
1821.0,OTKRYTOE AKTSIONERNOE OBSHCHESTVO GOMEL'SKII KHIMICHESKII ZAVOD,BY,2020.0,384156.030079722
1837.0,OTKRYTOE AKTSIONERNOE OBSHCHESTVO MOGILEVKHIMVOLOKNO,BY,2020.0,380683.231648922
217.0,METHANEX CORPORATION,CA,2023.0,3723475.0
300.0,VERMILION ENERGY TRUST,CA,2022.0,2672000.0
61.0,VERMILION ENERGY TRUST,CA,2022.0,2672000.0
390.0,KIK CUSTOM PRODUCTS INC,CA,2022.0,1964000.0
458.0,CES ENERGY SOLUTIONS CORP.,CA,2023.0,1631853.92167616
53.0,SIKA AG,CH,2023.0,13378489.7778511
94.0,GIVAUDAN SA,CH,2023.0,8266174.88098145
97.0,LONZA GROUP AG,CH,2023.0,8043569.07701492
153.0,CLARIANT AG,CH,2023.0,5210404.29925919
187.0,BUCHER INDUSTRIES AG,CH,2023.0,4282959.47642326
5705.0,UNILEVER COTE D'IVOIRE SA,CI,2022.0,68398.9911178844
6377.0,AIR LIQUIDE COTE D'IVOIRE,CI,2020.0,14013.7908820945
101.0,SOCIEDAD QUIMICA Y MINERA DE CHILE S.A.,CL,2023.0,7527305.0
412.0,ENAEX S.A.,CL,2023.0,1850329.0
1628.0,COMPANIA AGROPECUARIA COPEVAL S.A.,CL,2023.0,430497.035306378
2242.0,AGRICOLA NACIONAL S.A.C. E I.,CL,2023.0,307167.530929632
2251.0,OXIQUIM S.A.,CL,2022.0,305935.345404692
71.0,GONGYI CHANGLONG SODIUMSILICATE FACTORY,CN,2020.0,10775549.3616503
65.0,SINOPEC SHANGHAI PETROCHEMICAL COMPANY LIMITED,CN,2023.0,11228163.1629703
64.0,PUYANG XIN DEVELOP PETROCHEMICAL MAIN FACTORY,CN,2020.0,11494227.5104859
15.0,"SHENZHEN DIDA NANO MATERIAL TECHNOLOGY CO., LTD.",CN,2019.0,10369097.3687636
62.0,"TONGKUN GROUP CO.,LTD.",CN,2023.0,11577770.7853948
995.0,ESENTTIA S A,CO,2023.0,715360.250115657
1198.0,COLGATE PALMOLIVE COMPANIA,CO,2023.0,597481.096940394
1297.0,YARA COLOMBIA S A,CO,2023.0,550378.520403881
1350.0,GRUPO ORBIS S.A.,CO,2021.0,530563.275707663
1385.0,UNILEVER ANDINA COLOMBIA LTDA,CO,2023.0,514018.762897196
6676.0,ROLANDOS ENTERPRISES PUBLIC LTD,CY,2022.0,2822.22224593163
85.0,ORLEN UNIPETROL RPA S.R.O.,CZ,2022.0,8950300.65715313
787.0,SYNTHOS KRALUPY A.S.,CZ,2022.0,895950.343393296
1307.0,"SPOLEK PRO CHEMICKOU A HUTNI VYROBU, AKCIOVA SPOLECNOST",CZ,2022.0,544193.97680667
1393.0,"DEZA, A.S.",CZ,2022.0,511042.579621106
2016.0,SPOLANA S.R.O.,CZ,2022.0,344159.3998501
72.0,BEIERSDORF AG,DE,2023.0,10715189.8088455
96.0,COVESTRO DEUTSCHLAND AG,DE,2022.0,8074102.66294241
102.0,LANXESS AG,DE,2023.0,7501848.36673737
133.0,BASELL POLYOLEFINE GMBH,DE,2022.0,5858897.11817145
6.0,COVESTRO AG,DE,2023.0,16126377.2373199
602.0,CHR HANSEN HOLDING A/S,DK,2022.0,1224900.0
708.0,ARLA FOODS INGREDIENTS GROUP P/S,DK,2022.0,1013723.03043723
820.0,INTERNATIONAL N&H DENMARK APS,DK,2022.0,866727.826863527
1121.0,CHEMINOVA A/S,DK,2022.0,639821.120842785
1853.0,FLUGGER GROUP A/S,DK,2023.0,376336.871021852
4607.0,SPA EL SEWEDY CABLES ALGERIA,DZ,2018.0,134344.414372815
1357.0,UNILEVER ANDINA ECUADOR S.A.,EC,2022.0,528567.66298
3922.0,CHAIDE Y CHAIDE SA,EC,2022.0,164518.22108
4206.0,PINTURAS CONDOR SA,EC,2022.0,150464.24408
4808.0,COLGATE PALMOLIVE DEL ECUADOR SOCIEDAD ANONIMA INDUSTRIAL Y COMERCIAL,EC,2022.0,126828.54177
6880.0,LA CAMPINA FORESTAL (STRONGFOREST) S.A.,EC,2022.0,6.0
3465.0,VNK AS,EE,2022.0,190912.848131106
1636.0,SIDI KERIR PETROCHEMICALS CO. S.A.E.,EG,2023.0,428613.793496646
2283.0,MISR PETROLEUM COMPANY,EG,2020.0,300000.0
3094.0,EGYPTIAN CHEMICAL INDUSTRIES (KIMA) S.A.E,EG,2023.0,215394.351658925
3623.0,UNILEVER MASHREQ FOR MANUFACTURING AND TRADING S.A.E,EG,2021.0,180000.0
4736.0,EL MOHANDES MOHAMMED MAHMOUD KASEM ABULKHEIR AND PARTNERS,EG,2023.0,129695.802927017
176.0,CEPSA QUIMICA SA,ES,2022.0,4550735.24441183
320.0,"BASF ESPANOLA, SLU",ES,2022.0,2457990.25328577
323.0,DOW CHEMICAL IBERICA SL,ES,2022.0,2414094.35134649
498.0,"FERTIBERIA, SA",ES,2022.0,1504624.16649938
562.0,ANTONIO PUIG SAU,ES,2019.0,1321290.1081363
214.0,KEMIRA OYJ,FI,2023.0,3748493.18227768
400.0,YARA SUOMI OY,FI,2022.0,1911028.43631148
231.0,UMICORE FINLAND OY,FI,2022.0,644280.487481952
239.0,TERRAFAME OY,FI,2022.0,629307.563865781
1910.0,OY LINDE GAS AB,FI,2022.0,365308.191529512
73.0,ARKEMA,FR,2023.0,10550544.7349548
163.0,TOTALENERGIES PETROCHEMICALS FRANCE,FR,2022.0,4918935.94602695
227.0,ARKEMA FRANCE,FR,2023.0,3597218.61438751
62.0,ORANO CHIMIE-ENRICHISSEMENT,FR,2023.0,2614430.06832409
308.0,EXXONMOBIL CHEMICAL FRANCE,FR,2022.0,2587730.14258432
41.0,JOHNSON MATTHEY PLC,GB,2023.0,16198238.5879755
34.0,INOVYN EUROPE LIMITED,GB,2022.0,5039748.2654523
35.0,INOVYN EUROPE LIMITED,GB,2022.0,5030189.84657526
33.0,RECKITT BENCKISER GROUP PLC,GB,2023.0,18606559.0238571
280.0,TRONOX HOLDINGS PLC,GB,2023.0,2850000.0
1337.0,GR. SARANTIS S.A.,GR,2023.0,533934.029623032
4179.0,AGROINVEST S.A.,GR,2022.0,151896.313537771
1039.0,POLISAN HELLAS COMMERCIAL & INDUSTRIAL SINGLE SHAREHOLDER S.A. OF PET RESIN & PREFORMS PRODUCTION,GR,2022.0,113254.733461738
5309.0,ISOMAT S.A.,GR,2022.0,109652.976313818
1079.0,RAVAGO HELLAS SINGLE MEMBER INDUSTRIAL AND COMMERCIAL SOCIETE ANONYME OF BUILDING AND INSULATION PRODUCTS,GR,2022.0,107431.710350754
3309.0,DRAGON CROWN INVESTMENTS LIMITED,HK,2023.0,200000.0
3622.0,HILLS FILM & LEATHER COMPANY LIMITED,HK,2023.0,180000.0
4556.0,GEMINI INVESTMENTS (HOLDINGS) LIMITED,HK,2023.0,136069.514557362
919.0,ORGANIC TEA COSMETICS HOLDINGS COMPANY LIMITED,HK,2023.0,135163.503620863
5154.0,PRIOR (CHINA) COMPANY LIMITED,HK,2023.0,115222.120285034
2403.0,"PETROKEMIJA, D.D.",HR,2022.0,282478.208470345
4514.0,SAPONIA D.D.,HR,2023.0,137750.466820717
242.0,BORSODCHEM ZARTKORUEN MUKODO RESZVENYTARSASAG,HU,2022.0,3336672.34208182
426.0,MOL PETROLKEMIA ZARTKORUEN MUKODO RESZVENYTARSASAG,HU,2022.0,1776857.93907149
1094.0,PANNONIA BIO ZARTKORUEN MUKODO RESZVENYTARSASAG,HU,2022.0,656624.455612859
1178.0,NITROGENMUVEK VEGYIPARI ZARTKORUEN MUKODO RESZVENYTARSASAG,HU,2022.0,606119.561266387
1869.0,ZOLTEK VEGYIPARI ZARTKORUEN MUKODO RESZVENYTARSASAG,HU,2022.0,372879.491195861
293.0,PT AKR CORPORINDO TBK,ID,2023.0,2733258.62666135
317.0,PT UNILEVER INDONESIA TBK,ID,2023.0,2504636.57357046
339.0,PT CHANDRA ASRI PACIFIC TBK,ID,2023.0,2265402.0
1205.0,PT KIRANA MEGATARA TBK,ID,2023.0,593045.791436902
1546.0,PT AVIA AVIAN TBK,ID,2023.0,456272.979913629
181.0,"ASTELLAS IRELAND CO., LIMITED",IE,2022.0,4477126.37089026
224.0,TRINSEO PLC,IE,2023.0,3675500.0
493.0,CNOOC PETROLEUM EUROPE LIMITED,IE,2022.0,1524995.90207826
829.0,LIMERICK ALUMINA REFINING LIMITED,IE,2022.0,851246.927164737
1264.0,NORTON (WATERFORD) LIMITED,IE,2022.0,562174.794804278
99.0,ICL GROUP LIMITED,IL,2023.0,7557000.0
100.0,ISRAEL CORPORATION LIMITED,IL,2023.0,7557000.0
189.0,ADAMA AGRICULTURAL SOLUTIONS LIMITED,IL,2023.0,4230474.0
1217.0,SANO BRUNO'S ENTERPRISES LIMITED,IL,2023.0,587382.41770494
1278.0,TOSAF COMPOUNDS LTD.,IL,2023.0,556934.112906456
104.0,HINDUSTAN UNILEVER LIMITED,IN,2023.0,7423906.29060566
151.0,UPL LIMITED,IN,2023.0,5227175.58567412
188.0,ASIAN PAINTS LIMITED,IN,2023.0,4257954.96986797
299.0,COROMANDEL INTERNATIONAL LIMITED,IN,2023.0,2673468.64484018
351.0,CHAMBAL FERTILISERS AND CHEMICALS LIMITED,IN,2023.0,2184797.71351283
5445.0,STATE COMPANY OF FERTILIZERS SOUTHERN REGION,IQ,2021.0,100000.0
6736.0,NATIONAL CHEMICAL & PLASTIC INDUSTRIES COMPANY (MIXED SECTOR ),IQ,2022.0,1594.85108238435
66.0,JAM PETROCHEMICAL COMPANY PUBLIC JOINT STOCK,IR,2022.0,10996136.83461
63.0,BOUALI SINA PETROCHEMICAL COMPANY PUBLIC JOINT STOCK,IR,2022.0,11577590.2331444
59.0,PARS PETROCHEMICAL COMPANY PUBLIC JOINT STOCK,IR,2022.0,12347204.7725208
88.0,MARUN PETROCHEMICAL COMPANY PUBLIC JOINT STOCK,IR,2022.0,8823620.14359242
90.0,PARDIS PETROCHEMICAL COMPANY PUBLIC JOINT STOCK,IR,2023.0,8407954.95756809
182.0,MAPEI S.P.A.,IT,2022.0,4421615.91016173
230.0,VERSALIS S.P.A.,IT,2023.0,3575084.34945393
287.0,BASF ITALIA S.P.A.,IT,2022.0,2776037.42149055
441.0,SOL SPA,IT,2023.0,1690175.60853004
497.0,SASOL ITALY S.P.A.,IT,2023.0,1504755.53832917
6248.0,BERGER PAINTS JAMAICA LIMITED,JM,2023.0,21981.6996220993
6330.0,PARAMOUNT TRADING (JAMAICA) LIMITED,JM,2023.0,16482.6636325717
6579.0,BLUE POWER GROUP LIMITED,JM,2023.0,5726.52969029406
2639.0,JORDAN BROMINE (PRIVATE FREE ZONE),JO,2023.0,256338.03153038
3833.0,SPECIALIZED FOR PLASTIC INDUSTRIES,JO,2022.0,169014.086723328
4434.0,ARAB FERTILISERS AND CHEMICALS INDUSTRIES LTD,JO,2021.0,140845.07226944
5389.0,DAR AL DAWA DEVELOPMENT AND INVESTMENT PUBLIC SHAREHOLDING COMPANY,JO,2023.0,106092.959137678
6062.0,THE ARAB PESTICIDES & VETERINARY DRUGS MFG. CO.PUBLIC SHAREHOLDING COMPANY,JO,2022.0,34238.0286179781
68.0,KAO CORPORATION,JP,2023.0,10934289.0208471
70.0,MITSUBISHI CHEMICAL CORPORATION,JP,2022.0,10831667.6070588
75.0,NIPPON PAINT HOLDINGS CO LTD,JP,2023.0,10269846.7880068
83.0,RESONAC HOLDINGS CORPORATION,JP,2023.0,9082298.3762878
91.0,NIPPON SANSO HOLDINGS CORPORATION,JP,2023.0,8389712.39962429
5484.0,CROWN PAINTS KENYA PLC,KE,2022.0,95033.4861248974
6460.0,BOC KENYA LIMITED,KE,2022.0,10433.7612916715
74.0,HANWHA SOLUTIONS CORPORATION,KR,2023.0,10306145.9124062
87.0,"HANWHA TOTALENERGIES PETROCHEMICAL CO., LTD",KR,2023.0,8904653.85827155
113.0,KG CHEMICAL CORPORATION,KR,2023.0,6928072.64908329
44.0,LOTTE CHEMICAL CORPORATION.,KR,2023.0,15469517.8334585
140.0,"KG ECO SOLUTION CO., LTD.",KR,2023.0,5628330.60874809
195.0,EQUATE PETROCHEMICALS COMPANY KSCC,KW,2022.0,4042000.0
332.0,PETROCHEMICAL INDUSTRIES COMPANY K.S.C,KW,2020.0,2314814.82982635
2507.0,BOUBYAN PETROCHEMICAL COMPANY (K.S.C.P),KW,2024.0,270539.482120275
4828.0,AL KOUT INDUSTRIAL PROJECTS CO. K.S.C.P.,KW,2022.0,126263.677823067
123.0,KINGBOARD HOLDINGS LIMITED,KY,2022.0,6337878.78895871
128.0,CHINA RISUN GROUP LIMITED,KY,2022.0,6207317.94912128
159.0,KINGBOARD HOLDINGS LIMITED,KY,2023.0,5094514.68238115
198.0,FUFENG GROUP LIMITED,KY,2023.0,3962384.81030893
290.0,"DIVERSEY HOLDINGS, LTD.",KY,2022.0,2765900.0
2681.0,AO UMZ,KZ,2022.0,253429.79518838
3962.0,AKTSIONERNOE OBSCHESTVO KAZAZOT,KZ,2022.0,162612.464016695
4523.0,JSC AKTYUBINSK CHROMIC COMPOUNDS PLANT,KZ,2022.0,137369.950077225
5763.0,AO TEMK,KZ,2022.0,61905.0474045449
1177.0,ULBA-TVS,KZ,2022.0,49559.4404959993
3177.0,CIC HOLDINGS PLC,LK,2022.0,208907.205803086
4353.0,HAYCARB PLC,LK,2023.0,144312.500378001
5414.0,LANKEM CEYLON PLC,LK,2022.0,103068.828866328
6257.0,HARISCHANDRA MILLS PLC,LK,2023.0,21050.4648245825
6366.0,SWADESHI INDUSTRIAL WORKS PLC,LK,2022.0,14609.063615242
778.0,UAB THERMO FISHER SCIENTIFIC BALTICS,LT,2023.0,907418.987163491
1566.0,AB ACHEMA,LT,2023.0,449790.451860428
2730.0,UAB ORION GLOBAL PET,LT,2021.0,248427.949240208
3717.0,UAB MESTILLA,LT,2021.0,175734.548687935
330.0,L'OCCITANE INTERNATIONAL S.A.,LU,2022.0,2325889.99642575
426.0,PERIMETER SOLUTIONS SA,LU,2023.0,322108.0
4276.0,CHEMOLUX S.AR.L.,LU,2023.0,148051.780999429
5289.0,GTP LUXEMBOURG S.A R.L.,LU,2022.0,110663.031096962
2446.0,SABIEDRIBA AR IEROBEZOTU ATBILDIBU BIO-VENTA,LV,2022.0,276810.146266013
193.0,JORF FERTILIZERS COMPANY III,MA,2022.0,786940.222903018
256.0,JORF FERTILIZERS COMPANY IV,MA,2021.0,589615.243578582
1267.0,PAKISTAN MAROC PHOSPHORE,MA,2022.0,561042.943327793
1319.0,INDO MAROC PHOSPHORE (STE),MA,2022.0,539221.859199653
1776.0,EURO MAROC PHOSPHORE,MA,2022.0,393411.138130889
6519.0,POLIEX A.D.,ME,2023.0,7960.27992247581
717.0,PEXEL INTERNATIONAL LIMITED,MT,2021.0,179686.308999577
6270.0,SOAP & ALLIED INDUSTRIES LIMITED,MU,2022.0,20068.939390406
6395.0,MAURITIUS COSMETICS LIMITED,MU,2023.0,12785.0917875767
6630.0,LES GAZ INDUSTRIELS LIMITED,MU,2023.0,4205.85898870602
18.0,ALPEK S.A.B. DE C.V.,MX,2023.0,8175984.13366824
256.0,"KIMBERLY-CLARK DE MEXICO, S.A.B. DE C.V.",MX,2023.0,3150169.56342995
156.0,ELEMENTIA MATERIALES S.A.B. DE C.V.,MX,2021.0,977827.81766678
840.0,CYDSA S.A.B. DE C.V.,MX,2023.0,836780.543625355
1097.0,GONCAL,MX,2022.0,653773.682495308
125.0,PETRONAS CHEMICALS GROUP BERHAD,MY,2023.0,6270064.20491636
146.0,BATU KAWAN BHD,MY,2023.0,5378490.746602
729.0,KL-KEPONG OLEOMAS SDN. BHD.,MY,2022.0,975889.041857436
785.0,SCIENTEX BERHAD,MY,2023.0,899159.102408886
851.0,TORAY PLASTICS (MALAYSIA) SDN. BERHAD,MY,2021.0,830169.600281626
2770.0,PZ CUSSONS NIGERIA PLC,NG,2023.0,244558.602548766
4602.0,UNILEVER NIGERIA PLC,NG,2023.0,134664.209980918
6153.0,CHEMICAL AND ALLIED PRODUCTS PLC,NG,2023.0,27384.5489719464
6184.0,NOTORE CHEMICAL INDUSTRIES PLC,NG,2023.0,25734.9815976201
6550.0,INDUSTRIAL AND MEDICAL GASES NIGERIA PLC,NG,2023.0,6962.4125908222
61.0,AKZO NOBEL NV,NL,2023.0,11856655.3211212
31.0,NOURYON HOLDING B.V.,NL,2023.0,5226999.99999843
158.0,DOW BENELUX B.V.,NL,2022.0,5142249.98861015
33.0,OCI N.V.,NL,2023.0,5040000.0
162.0,IMCD N.V.,NL,2023.0,4939544.48680687
250.0,JOTUN A/S,NO,2023.0,3264011.86969131
276.0,YARA NORGE AS,NO,2022.0,2867391.96246463
132.0,BEWI ASA,NO,2022.0,1120356.10246658
207.0,BORREGAARD ASA,NO,2023.0,701278.284519911
1310.0,BORREGAARD AS,NO,2022.0,543436.119890809
5740.0,UNILEVER NEPAL LIMITED,NP,2023.0,64504.1241595321
953.0,BALLANCE AGRI-NUTRIENTS LIMITED,NZ,2023.0,750665.58920604
1211.0,RAVENSDOWN LIMITED,NZ,2023.0,588700.732692957
1732.0,METHANEX NEW ZEALAND LIMITED,NZ,2023.0,400200.986761808
4066.0,DULUXGROUP (NEW ZEALAND) PTY LTD,NZ,2022.0,157433.645977855
5233.0,BOC LIMITED,NZ,2023.0,112523.936230659
1787.0,OMAN METHANOL COMPANY,OM,2022.0,390117.037296295
1788.0,OMAN INDIA FERTILIZER COMPANY S.A.O.C.,OM,2023.0,390117.037296295
5577.0,OMAN CHLORINE SAOG,OM,2023.0,84067.620757103
5876.0,THE NATIONAL DETERGENT COMPANY SAOG,OM,2022.0,51355.0067896843
6588.0,GULF INTERNATIONAL CHEMICALS COMPANY SAOG,OM,2022.0,5573.47207283974
1620.0,QUIMPAC S.A.,PE,2023.0,434082.0
5513.0,BAYER S.A.,PE,2023.0,91661.6361582279
6551.0,FILAMENTOS INDUSTRIALES S.A.,PE,2023.0,6953.89610290527
749.0,"PROCTER & GAMBLE PHILIPPINES, INC.",PH,2022.0,946501.408860227
165.0,"PROCTER & GAMBLE PHILIPPINES, INC.",PH,2022.0,946501.408860227
819.0,UNILAB INC,PH,2022.0,867656.699910902
175.0,UNILAB INC,PH,2022.0,867656.699910902
1042.0,JG SUMMIT PETROCHEMICAL CORPORATION,PH,2021.0,687163.390895776
433.0,ENGRO CORPORATION LIMITED,PK,2023.0,1749913.33299529
815.0,FATIMA FERTILIZER COMPANY LIMITED,PK,2023.0,872041.530309533
900.0,ENGRO FERTILIZERS LIMITED,PK,2023.0,793804.625107547
1100.0,FAUJI FERTILIZER COMPANY LIMITED,PK,2023.0,653128.819815789
1109.0,UNILEVER PAKISTAN LTD,PK,2019.0,647243.066543431
482.0,SYNTHOS DWORY 7 SP. Z O.O.,PL,2022.0,1575654.08819157
570.0,ANWIL S.A.,PL,2022.0,1308330.25974369
585.0,BASELL ORLEN POLYOLEFINS SP. Z O.O.,PL,2022.0,1254457.52457735
674.0,GRUPA AZOTY ZAKLADY AZOTOWE KEDZIERZYN S.A.,PL,2022.0,1070905.33700225
806.0,RECKITT BENCKISER PRODUCTION (POLAND) SP. Z O.O.,PL,2022.0,880429.845159173
6556.0,ARAB CO. FOR PAINTS PRODUCTS LTD,PS,2023.0,6664.78881978989
772.0,"REPSOL POLIMEROS, UNIPESSOAL, LDA",PT,2022.0,918096.344472789
208.0,"INDORAMA VENTURES PORTUGAL PTA, UNIPESSOAL, LDA",PT,2022.0,701200.262729176
1287.0,"BONDALTI CHEMICALS, S.A.",PT,2022.0,554822.525909556
1664.0,"CIN - CORPORACAO INDUSTRIAL DO NORTE, S.A.",PT,2022.0,421063.119343167
2117.0,"COMPANHIA INDUSTRIAL DE RESINAS SINTETICAS, CIRES, LDA",PT,2022.0,329210.494963554
647.0,QATAR PETROCHEMICAL COMPANY (QAPCO) Q.S.C,QA,2021.0,1125876.97810507
1418.0,QATARGAS OPERATING COMPANY LIMITED,QA,2020.0,500000.0
1735.0,QATAR CHEMICAL COMPANY LIMITED (Q-CHEM),QA,2022.0,400000.0
1351.0,MESAIEED PETROCHEMICAL HOLDING COMPANY Q.P.S.C.,QA,2023.0,474.725297927856
1405.0,AZOMURES SA,RO,2022.0,506556.152948153
1521.0,NITRAMONIA BC S.R.L.,RO,2022.0,464447.780930699
2195.0,CHIMCOMPLEX BORZESTI SA ONESTI,RO,2023.0,312961.657973662
2302.0,AGRII ROMANIA S.R.L.,RO,2022.0,296853.852697542
2734.0,LINDE GAZ ROMANIA SRL,RO,2022.0,247451.93902279
1157.0,HENKEL SRBIJA DOO BEOGRAD,RS,2022.0,619755.637517542
1916.0,ELIXIR ZORKA - MINERALNA DJUBRIVA DOO,RS,2022.0,363519.794544205
2196.0,ELIXIR PRAHOVO DOO,RS,2022.0,312946.374388754
2327.0,HIP-PETROHEMIJA DOO PANCEVO,RS,2023.0,292750.692091372
5508.0,MB - NAMENSKA AD LUCANI,RS,2023.0,92175.3399815559
60.0,UNITED COMPANY RUSAL INTERNATIONAL PUBLIC JOINT-STOCK COMPANY,RU,2023.0,12213000.0
164.0,PUBLIC JOINT STOCK COMPANY PHOSAGRO,RU,2023.0,4917140.60890488
303.0,PUBLIC JOINT-STOCK COMPANY NIZHNEKAMSKNEFTEKHIM,RU,2023.0,2633910.89359019
380.0,PUBLIC JOINT STOCK COMPANY ACRON,RU,2023.0,2010998.008308
96.0,"EUROCHEM - USOLSKY POTASH COMPLEX, LIMITED LIABILITY COMPANY",RU,2022.0,1653667.73688959
39.0,SADARA CHEMICAL COMPANY,SA,2023.0,4697973.57835174
261.0,SABIC AGRI-NUTRIENTS COMPANY (A SAUDI JOINT STOCK COMPANY),SA,2023.0,3092719.36129788
338.0,AL FANAR CLOSED JOINT STOCK COMPANY,SA,2023.0,2266666.78488255
348.0,SAUDI KAYAN PETROCHEMICAL COMPANY SAUDI JOINT STOCK COMPANY,SA,2023.0,2195187.31448793
377.0,SAHARA INTERNATIONAL PETROCHEMICAL COMPANY( (SAUDI JOINT STOCK COMPANY),SA,2023.0,2031451.03928176
346.0,HEXPOL AB,SE,2023.0,2202139.17799294
652.0,YARA AB,SE,2022.0,1111782.69025463
1114.0,NOURYON PULP AND PERFORMANCE CHEMICALS AB,SE,2022.0,644182.942366734
1175.0,PERSTORP OXO AB,SE,2022.0,609170.140504837
1386.0,PERSTORP SPECIALTY CHEMICALS AB,SE,2022.0,514016.747995719
126.0,SYNGENTA ASIA PACIFIC PTE. LTD.,SG,2022.0,6259773.29494435
209.0,NESTE SINGAPORE PTE. LTD.,SG,2022.0,3868601.28215238
243.0,CHINA XLX FERTILISER LIMITED,SG,2023.0,3323219.96049666
283.0,PCS PTE. LTD.,SG,2022.0,2830425.70386014
102.0,FMC AGRO SINGAPORE PTE. LTD.,SG,2022.0,1532931.99999996
2192.0,"HELIOS TOVARNA BARV, LAKOV IN UMETNIH SMOL KOLICEVO, D.O.O.",SI,2022.0,313852.232417464
2308.0,AQUAFILSLO PROIZVODNJA POLIAMIDNIH FILAMENTOV IN GRANULATOV D.O.O.,SI,2022.0,295806.258620106
3224.0,CINKARNA CELJE DD,SI,2023.0,205373.182168961
5271.0,TKK PROIZVODNJA KEMICNIH IZDELKOV D.O.O.,SI,2022.0,111209.550274992
656.0,"DUSLO, A.S.",SK,2022.0,1107892.88744628
2754.0,"MEROCO, A.S.",SK,2022.0,245828.40587808
3084.0,"ENVIRAL, A.S.",SK,2023.0,216054.705927697
643.0,"HALEON LEVICE, S.R.O.",SK,2022.0,201415.76955133
658.0,FORTISCHEM A. S.,SK,2023.0,196926.035712985
4.0,PTT GLOBAL CHEMICAL PCL,TH,2023.0,18331378.3981141
45.0,THAI POLYETHYLENE CO LTD,TH,2022.0,3418684.79635974
546.0,UNILEVER THAI TRADING CO LTD,TH,2022.0,1353619.0874615
568.0,TPI POLENE PCL,TH,2023.0,1311226.88409221
634.0,PTT PHENOL CO LTD,TH,2021.0,1153945.96568806
569.0,ETI BAKIR ANONIM SIRKETI,TR,2022.0,1309215.34550734
658.0,HAYAT KIMYA SANAYI ANONIM SIRKETI,TR,2022.0,1103346.84130065
872.0,AKSA AKRILIK KIMYA SANAYII A.S.,TR,2023.0,812778.885150369
1180.0,BASF TURK KIMYA SANAYI VE TICARET LIMITED SIRKETI,TR,2021.0,606061.602050584
1808.0,AKDENIZ CHEMSON KIMYA SANAYI VE TICARET ANONIM SIRKETI,TR,2022.0,386472.965064304
6004.0,UNILEVER CARIBBEAN LIMITED,TT,2022.0,39642.0474603474
69.0,FORMOSA CHEMICALS & FIBER CORPORATION,TW,2023.0,10861316.3687739
122.0,FORMOSA PLASTICS CORPORATION,TW,2023.0,6485879.57472767
237.0,"CHANG CHUN PETROCHEMICAL CO., LTD.",TW,2023.0,3440332.65134189
436.0,USI CORPORATION,TW,2023.0,1712596.86067383
487.0,DAIREN CHEMICAL CORPORATION,TW,2023.0,1553722.41329004
6441.0,TOL GASES LIMITED,TZ,2022.0,11006.8417791551
2980.0,PAVLOGRAD CHEMICAL PLANT DP,UA,2023.0,223515.083217679
3848.0,SEVERODONETSK AZOT ASSOCIATION PRIVATE JSC AT,UA,2021.0,168279.620448258
4765.0,SODA CRIMEA PLANT,UA,2023.0,128527.561916423
4795.0,AZOT PRIVATE JSC AT,UA,2023.0,127400.48467648
5056.0,HENKEL UKRAINE TOV,UA,2023.0,118612.809024883
67.0,CELANESE CORPORATION,US,2023.0,10940000.0
78.0,ALBEMARLE CORP,US,2023.0,9617203.0
56.0,WESTLAKE CORP,US,2023.0,12548000.0
55.0,AIR PRODUCTS & CHEMICALS INC,US,2023.0,12600000.0
81.0,EASTMAN CHEMICAL CO,US,2023.0,9210000.0
2862.0,ALCOHOLES DEL URUGUAY S.A,UY,2021.0,234889.060683229
1486.0,NAVOIYAZOT JSC,UZ,2022.0,475258.919359476
3929.0,FARGONAAZOT JSC,UZ,2022.0,164116.206032666
1098.0,AKTSIONERNOE OBSHTESTVO DEHQONOBOD KALIY ZAVODI,UZ,2022.0,96054.860982018
6534.0,JOINT STOCK COMPANY DZERZHINSKIY OPYTNYY ZAVOD AVIATSIONNYKH MATERIALOV,UZ,2023.0,7480.16154537071
1332.0,AKTSIONERNOE OBSHESTVO XORAZM KAFOLAT SAVDO,UZ,2022.0,1584.11770769708
1165.0,CN ENERGY GROUP. INC.,VG,2023.0,57899.0
5852.0,TANTECH HOLDINGS LTD,VG,2022.0,53490.0
540.0,UNILEVER VIETNAM INTERNATIONAL COMPANY LIMITED,VN,2022.0,1374945.44506753
1066.0,LOC TROI GROUP JOINT STOCK COMPANY,VN,2023.0,674099.876910329
1258.0,TONG CONG TY PHAN BON VA HOA CHAT DAU KHI - CONG TY CO PHAN,VN,2023.0,568557.151568573
1323.0,CONG TY TNHH MTV HOA CHAT DUC GIANG LAO CAI,VN,2022.0,538018.54850212
276.0,CONG TY CO PHAN PHAN BON DAU KHI CA MAU,VN,2023.0,526713.382677421
379.0,AECI LIMITED,ZA,2023.0,2024711.29596233
1668.0,AFRICAN OXYGEN LIMITED,ZA,2018.0,420612.372629344
3673.0,NWK LIMITED,ZA,2019.0,177633.171609789
6214.0,ACCENTUATE LIMITED,ZA,2019.0,24145.561023429
6488.0,SPANJAARD LIMITED,ZA,2020.0,9146.26617277414
6056.0,AECI MINING EXPLOSIVES PLC,ZM,2023.0,35121.703153789
